date,subreddit,members,active_users,title,source
2026-02-22,40kLore,386261,,The zealous martyr is praised for his valour: the craven and the unready are justly abhorred.,reddit_api
2026-02-22,Grimdank,547557,,Grimdank Memes from the 41st millenium,reddit_api
2026-02-22,Warhammer,444154,,All things Warhammer!,reddit_api
2026-02-22,Warhammer30k,126823,,Warhammer: The Horus Heresy,reddit_api
2024-10-01,Warhammer40k,1000000,,/r/Warhammer40k,milestone_tracked
2026-02-22,Warhammer40k,1474620,,/r/Warhammer40k - Unofficial Home of 40k on Reddit,reddit_api
2026-02-22,WarhammerCompetitive,142101,,"Competitive Discussion for Warhammer 40k, 30k, and AoS.",reddit_api
2026-02-22,ageofsigmar,251919,,Age of Sigmar | Warhammer,reddit_api
2026-02-22,minipainting,1237385,,/r/minipainting,reddit_api
2026-02-22,warhammerfantasy,124793,,Warhammer Fantasy,reddit_api
2025-03-03,Warhammer,392000,,/r/Warhammer,wayback_seed
2025-03-03,Warhammer40k,1200000,,/r/Warhammer40k,wayback_seed
2025-03-03,ageofsigmar,235000,,/r/ageofsigmar,wayback_seed
2025-03-03,minipainting,1200000,,/r/minipainting,wayback_seed
