subreddit,post_id,month,date,title,score,num_comments,url,flair,year
ageofsigmar,1rpvjq6,2026-03,2026-03-10,Orruk KillaBoss rolled 12 on his charge and made it to the game store.,108,11,https://reddit.com/r/ageofsigmar/comments/1rpvjq6/orruk_killaboss_rolled_12_on_his_charge_and_made/,Hobby,2026
ageofsigmar,1qsn2qt,2026-02,2026-02-01,Got these baby from FLGS for USD60!!!!,350,19,https://reddit.com/r/ageofsigmar/comments/1qsn2qt/got_these_baby_from_flgs_for_usd60/,Hobby,2026
ageofsigmar,1qmemmt,2026-01,2026-01-25,My *B I G P I G* for the FLGS painting competition,11,0,https://reddit.com/r/ageofsigmar/comments/1qmemmt/my_b_i_g_p_i_g_for_the_flgs_painting_competition/,Hobby,2026
ageofsigmar,1q5na7i,2026-01,2026-01-06,A Sigmarite Chapel I painted for my LGS ⚡️,497,11,https://reddit.com/r/ageofsigmar/comments/1q5na7i/a_sigmarite_chapel_i_painted_for_my_lgs/,Hobby,2026
ageofsigmar,1q02og7,2025-12,2025-12-31,Man my local game shop is phasing out AoS in favor of 40k etc.,159,220,https://reddit.com/r/ageofsigmar/comments/1q02og7/man_my_local_game_shop_is_phasing_out_aos_in/,Discussion,2025
ageofsigmar,1pt8anq,2025-12,2025-12-22,My Flgs got the new nurgle boxes/models,75,13,https://reddit.com/r/ageofsigmar/comments/1pt8anq/my_flgs_got_the_new_nurgle_boxesmodels/,Rumour / Leak,2025
ageofsigmar,1prjlex,2025-12,2025-12-20,"Wild find at the second LGS in my city; the one I very rarely go to because ""they never have anything good"".",373,34,https://reddit.com/r/ageofsigmar/comments/1prjlex/wild_find_at_the_second_lgs_in_my_city_the_one_i/,Warcry,2025
ageofsigmar,1pazlm1,2025-12,2025-12-01,Original Meme by me based on discussion at LGS,649,131,https://reddit.com/r/ageofsigmar/comments/1pazlm1/original_meme_by_me_based_on_discussion_at_lgs/,Discussion,2025
ageofsigmar,1oseupf,2025-11,2025-11-09,Won first place at my local store for my Black Coach,232,2,https://reddit.com/r/ageofsigmar/comments/1oseupf/won_first_place_at_my_local_store_for_my_black/,Hobby,2025
ageofsigmar,1og1xgj,2025-10,2025-10-25,"""Fearhead"" event at LGS. Skaven on Skaven.",30,0,https://reddit.com/r/ageofsigmar/comments/1og1xgj/fearhead_event_at_lgs_skaven_on_skaven/,Hobby,2025
ageofsigmar,1od4kg5,2025-10,2025-10-22,How important is a battletome for an LGS Path to Glory?,2,4,https://reddit.com/r/ageofsigmar/comments/1od4kg5/how_important_is_a_battletome_for_an_lgs_path_to/,Question,2025
ageofsigmar,1oa0fki,2025-10,2025-10-18,My entry to Local Warhammer store Beast Feast 2025!,15,0,https://reddit.com/r/ageofsigmar/comments/1oa0fki/my_entry_to_local_warhammer_store_beast_feast_2025/,Hobby,2025
ageofsigmar,1nxziqu,2025-10,2025-10-04,1st of 30 in my local Warhammer Store for the army on parade 🥇,128,3,https://reddit.com/r/ageofsigmar/comments/1nxziqu/1st_of_30_in_my_local_warhammer_store_for_the/,Hobby,2025
ageofsigmar,1nwlcsd,2025-10,2025-10-03,"Hey Australian (and All) AoS Warhammer Hobbyists, I made a tool to help find the best and lowest prices for Warhammer kits across multiple different LGS'. * CURRENTLY ONLY FOR THE AU Region)",44,19,https://reddit.com/r/ageofsigmar/comments/1nwlcsd/hey_australian_and_all_aos_warhammer_hobbyists_i/,Hobby,2025
ageofsigmar,1nt7467,2025-09,2025-09-29,"Some stormfiends for our LGS ""Fearhead"" Halloween Event",17,0,https://reddit.com/r/ageofsigmar/comments/1nt7467/some_stormfiends_for_our_lgs_fearhead_halloween/,Hobby,2025
ageofsigmar,1nhuj9v,2025-09,2025-09-15,My list for my LGS escalation league,2,0,https://reddit.com/r/ageofsigmar/comments/1nhuj9v/my_list_for_my_lgs_escalation_league/,Army List,2025
ageofsigmar,1n5asqs,2025-09,2025-09-01,"(Wip) my warstomper, I'm hoping to take him to display night at my LGS",17,0,https://reddit.com/r/ageofsigmar/comments/1n5asqs/wip_my_warstomper_im_hoping_to_take_him_to/,Hobby,2025
ageofsigmar,1mk9xf7,2025-08,2025-08-07,What’s your best LGS story?,0,0,https://reddit.com/r/ageofsigmar/comments/1mk9xf7/whats_your_best_lgs_story/,Discussion,2025
ageofsigmar,1mhroq9,2025-08,2025-08-04,Planning new community focused Warhammer store &amp; need your input!,21,25,https://reddit.com/r/ageofsigmar/comments/1mhroq9/planning_new_community_focused_warhammer_store/,Question,2025
ageofsigmar,1ltyo43,2025-07,2025-07-07,FLGS First Painting Competition,2,0,https://reddit.com/r/ageofsigmar/comments/1ltyo43/flgs_first_painting_competition/,Hobby,2025
ageofsigmar,1lgcdgn,2025-06,2025-06-20,Ogor Hunter painted up for a painting comp in my lgs,430,24,https://reddit.com/r/ageofsigmar/comments/1lgcdgn/ogor_hunter_painted_up_for_a_painting_comp_in_my/,Hobby,2025
ageofsigmar,1ldzh2p,2025-06,2025-06-17,Found at new LGS that opened today,487,37,https://reddit.com/r/ageofsigmar/comments/1ldzh2p/found_at_new_lgs_that_opened_today/,Hobby,2025
ageofsigmar,1kw1cwl,2025-05,2025-05-26,A local store just posted the prices for the new Warhammer pre-orders,202,59,https://reddit.com/r/ageofsigmar/comments/1kw1cwl/a_local_store_just_posted_the_prices_for_the_new/,Hobby,2025
ageofsigmar,1ktgh05,2025-05,2025-05-23,Look whats still at my local game store,1214,167,https://reddit.com/r/ageofsigmar/comments/1ktgh05/look_whats_still_at_my_local_game_store/,Hobby,2025
ageofsigmar,1kevt2h,2025-05,2025-05-04,Price list for per order 5/10 yes prices are legit and from a local game store we check twice,76,80,https://reddit.com/r/ageofsigmar/comments/1kevt2h/price_list_for_per_order_510_yes_prices_are_legit/,News,2025
ageofsigmar,1k8t16a,2025-04,2025-04-27,Prize and entry for a painting competition at my local store,52,0,https://reddit.com/r/ageofsigmar/comments/1k8t16a/prize_and_entry_for_a_painting_competition_at_my/,Hobby,2025
ageofsigmar,1k7czfc,2025-04,2025-04-25,Which one should I get? I’m slowly building my fyreslayer army. Would prices be better at a local store?,53,29,https://reddit.com/r/ageofsigmar/comments/1k7czfc/which_one_should_i_get_im_slowly_building_my/,Hobby,2025
ageofsigmar,1j0xefu,2025-03,2025-03-01,Local game shop competition,30,0,https://reddit.com/r/ageofsigmar/comments/1j0xefu/local_game_shop_competition/,Hobby,2025
ageofsigmar,1j0xedf,2025-03,2025-03-01,Local game shop competition,108,8,https://reddit.com/r/ageofsigmar/comments/1j0xedf/local_game_shop_competition/,Hobby,2025
ageofsigmar,1iu1v98,2025-02,2025-02-20,"Duel for a flgs painting competition, C&amp;C welcome",32,0,https://reddit.com/r/ageofsigmar/comments/1iu1v98/duel_for_a_flgs_painting_competition_cc_welcome/,Hobby,2025
ageofsigmar,1ib89wp,2025-01,2025-01-27,Join the horde with a Skaven miniature and Imperium coin at your local store this month,59,9,https://reddit.com/r/ageofsigmar/comments/1ib89wp/join_the_horde_with_a_skaven_miniature_and/,News,2025
ageofsigmar,1i9by95,2025-01,2025-01-25,"Picked this up at my local game store for $80. New to AoS, was it a good purchase?",11,7,https://reddit.com/r/ageofsigmar/comments/1i9by95/picked_this_up_at_my_local_game_store_for_80_new/,Question,2025
ageofsigmar,1htk69s,2025-01,2025-01-04,"Hi folks, I’ve been collecting for ages but have never played, my lgs has a tournament in two weeks, could someone help me put together a list?",16,0,https://reddit.com/r/ageofsigmar/comments/1htk69s/hi_folks_ive_been_collecting_for_ages_but_have/,Army List,2025
ageofsigmar,1hssj5z,2025-01,2025-01-03,Hello all. Just a quick paintjob on this month motm form warhammer store. Tiny bit of play with true metallics and reds Also exercise on eavy metal style. ,175,4,https://reddit.com/r/ageofsigmar/comments/1hssj5z/hello_all_just_a_quick_paintjob_on_this_month/,Hobby,2025
ageofsigmar,1hql4ro,2024-12,2024-12-31,Just got this beast from my LGS for 60% off ($54 usd),774,54,https://reddit.com/r/ageofsigmar/comments/1hql4ro/just_got_this_beast_from_my_lgs_for_60_off_54_usd/,Hobby,2024
ageofsigmar,1hk8pm5,2024-12,2024-12-22,Found at LGS,14,0,https://reddit.com/r/ageofsigmar/comments/1hk8pm5/found_at_lgs/,Hobby,2024
ageofsigmar,1h4ocnk,2024-12,2024-12-02,i won a competition at an lgs with my stormcast,837,21,https://reddit.com/r/ageofsigmar/comments/1h4ocnk/i_won_a_competition_at_an_lgs_with_my_stormcast/,Hobby,2024
ageofsigmar,1h3j3cx,2024-11,2024-11-30,Today is a good day! Got this half off from my LGS,104,10,https://reddit.com/r/ageofsigmar/comments/1h3j3cx/today_is_a_good_day_got_this_half_off_from_my_lgs/,Hobby,2024
ageofsigmar,1gy6sll,2024-11,2024-11-23,Painted up the Emberwatch for my LGS’s Underworlds set,11,0,https://reddit.com/r/ageofsigmar/comments/1gy6sll/painted_up_the_emberwatch_for_my_lgss_underworlds/,Hobby,2024
ageofsigmar,1gsxdvl,2024-11,2024-11-16,My gift to the LGS ,13,0,https://reddit.com/r/ageofsigmar/comments/1gsxdvl/my_gift_to_the_lgs/,Hobby,2024
ageofsigmar,1g7btvh,2024-10,2024-10-19,Local store Halloween painting competition my entry ,159,6,https://reddit.com/r/ageofsigmar/comments/1g7btvh/local_store_halloween_painting_competition_my/,Hobby,2024
ageofsigmar,1g3tet0,2024-10,2024-10-14,Recently won a Spearhead Painting Competition at my LGS with my Starborn Seraphon,18,2,https://reddit.com/r/ageofsigmar/comments/1g3tet0/recently_won_a_spearhead_painting_competition_at/,Hobby,2024
ageofsigmar,1g0ejxm,2024-10,2024-10-10,Will online only ever be available on stores because I wanna buy some clan rats from my local store ,2,14,https://reddit.com/r/ageofsigmar/comments/1g0ejxm/will_online_only_ever_be_available_on_stores/,Question,2024
ageofsigmar,1fyambg,2024-10,2024-10-07,Wrote this for the new Underworlds release but it applies to all games - support your local game store!,1,2,https://reddit.com/r/ageofsigmar/comments/1fyambg/wrote_this_for_the_new_underworlds_release_but_it/,Discussion,2024
ageofsigmar,1f6w46c,2024-09,2024-09-02,Any one know why a GW sprue looks like this? Had a lot of imperfections and seems low quality? This was for an ogor butcher. My LGS said it was special ordered. ,154,107,https://reddit.com/r/ageofsigmar/comments/1f6w46c/any_one_know_why_a_gw_sprue_looks_like_this_had_a/,Question,2024
ageofsigmar,1etfiwk,2024-08,2024-08-16,Finished my spearhead for display at the tournament at my lgs,31,2,https://reddit.com/r/ageofsigmar/comments/1etfiwk/finished_my_spearhead_for_display_at_the/,Hobby,2024
ageofsigmar,1e2nz8v,2024-07,2024-07-13,I did an impulse buy when me and my wife were painting at lgs,36,2,https://reddit.com/r/ageofsigmar/comments/1e2nz8v/i_did_an_impulse_buy_when_me_and_my_wife_were/,Hobby,2024
ageofsigmar,1e2fbs0,2024-07,2024-07-13,Will LGS have Skaventide today?,0,4,https://reddit.com/r/ageofsigmar/comments/1e2fbs0/will_lgs_have_skaventide_today/,Question,2024
ageofsigmar,1e25p90,2024-07,2024-07-13,I’ve had the honor to paint the Skaven in my LGS‘ demo box :),147,13,https://reddit.com/r/ageofsigmar/comments/1e25p90/ive_had_the_honor_to_paint_the_skaven_in_my_lgs/,Hobby,2024
ageofsigmar,1e16tsx,2024-07,2024-07-12,I have three Spearheads loaded up for the FLGS introductory event,16,0,https://reddit.com/r/ageofsigmar/comments/1e16tsx/i_have_three_spearheads_loaded_up_for_the_flgs/,Hobby,2024
ageofsigmar,1dzv2xn,2024-07,2024-07-10,Got to paint a new rat early for my local FLGS 4.0 launch event. These new sculpts are so good.,114,4,https://reddit.com/r/ageofsigmar/comments/1dzv2xn/got_to_paint_a_new_rat_early_for_my_local_flgs_40/,Hobby,2024
ageofsigmar,1dyziix,2024-07,2024-07-09,Got the chance to paint up the lord vigilant for my LGS,165,8,https://reddit.com/r/ageofsigmar/comments/1dyziix/got_the_chance_to_paint_up_the_lord_vigilant_for/,Hobby,2024
ageofsigmar,1dyf18u,2024-07,2024-07-08,Seeking a map of the Mortal Realms for my local store!,6,5,https://reddit.com/r/ageofsigmar/comments/1dyf18u/seeking_a_map_of_the_mortal_realms_for_my_local/,Question,2024
ageofsigmar,1dxnchr,2024-07,2024-07-07,"FLGS is doing a Spearhead tourny, so here’s the start of my new army :)",22,0,https://reddit.com/r/ageofsigmar/comments/1dxnchr/flgs_is_doing_a_spearhead_tourny_so_heres_the/,Hobby,2024
ageofsigmar,1do5xly,2024-06,2024-06-25,I'm looking to start hosting/judging Sigmar Saturdays at my LGS.,2,4,https://reddit.com/r/ageofsigmar/comments/1do5xly/im_looking_to_start_hostingjudging_sigmar/,Question,2024
ageofsigmar,1dnnb1c,2024-06,2024-06-24,A local store in Mexico made this poster for pre-orders,1351,76,https://reddit.com/r/ageofsigmar/comments/1dnnb1c/a_local_store_in_mexico_made_this_poster_for/,News,2024
ageofsigmar,1d9pkrq,2024-06,2024-06-06,First time joining a painting competition at the local store,27,0,https://reddit.com/r/ageofsigmar/comments/1d9pkrq/first_time_joining_a_painting_competition_at_the/,Hobby,2024
ageofsigmar,1bxd95l,2024-04,2024-04-06,Finally painted my steelhelms (plus some free extras from my local store),142,1,https://reddit.com/r/ageofsigmar/comments/1bxd95l/finally_painted_my_steelhelms_plus_some_free/,Hobby,2024
ageofsigmar,1bx8vwv,2024-04,2024-04-06,A global campaign where you represent your Warhammer store and your city sounds like a good reason to paint some CoS.,35,0,https://reddit.com/r/ageofsigmar/comments/1bx8vwv/a_global_campaign_where_you_represent_your/,Hobby,2024
ageofsigmar,1bu59hb,2024-04,2024-04-02,"AITA? FLGS announces new ""Loyalty"" rewards program",0,83,https://reddit.com/r/ageofsigmar/comments/1bu59hb/aita_flgs_announces_new_loyalty_rewards_program/,Discussion,2024
ageofsigmar,1aneg1a,2024-02,2024-02-10,"Just got into age of sigmar after my local lgs decided to trie it out,any tipps for my new boneboys?",231,37,https://reddit.com/r/ageofsigmar/comments/1aneg1a/just_got_into_age_of_sigmar_after_my_local_lgs/,Question,2024
ageofsigmar,1aj6gul,2024-02,2024-02-05,Game store policy,161,124,https://reddit.com/r/ageofsigmar/comments/1aj6gul/game_store_policy/,Question,2024
ageofsigmar,18gsgk5,2023-12,2023-12-12,"My first army: the Sylvaneth! All painted up and ready for an upcoming league at my LGS. Special thanks to the homie discounts, employee discounts, and Christmas sales that made this army possible lol",12,0,https://reddit.com/r/ageofsigmar/comments/18gsgk5/my_first_army_the_sylvaneth_all_painted_up_and/,Hobby,2023
ageofsigmar,18d00ia,2023-12,2023-12-07,Quite the steal at my lgs,250,36,https://reddit.com/r/ageofsigmar/comments/18d00ia/quite_the_steal_at_my_lgs/,Hobby,2023
ageofsigmar,17z0mc3,2023-11,2023-11-19,Local store winner with my KO,160,6,https://reddit.com/r/ageofsigmar/comments/17z0mc3/local_store_winner_with_my_ko/,Hobby,2023
ageofsigmar,17bo00v,2023-10,2023-10-19,Local store vs online. Also cloaks/capes for fyreslayers any recommendations what I can use?,9,14,https://reddit.com/r/ageofsigmar/comments/17bo00v/local_store_vs_online_also_cloakscapes_for/,Hobby,2023
ageofsigmar,15fvefl,2023-08,2023-08-02,How Often Does Your LGS Host Events?,1,13,https://reddit.com/r/ageofsigmar/comments/15fvefl/how_often_does_your_lgs_host_events/,Discussion,2023
ageofsigmar,14hxxds,2023-06,2023-06-24,Looking for a FLGS around central Florida,3,19,https://reddit.com/r/ageofsigmar/comments/14hxxds/looking_for_a_flgs_around_central_florida/,Question,2023
ageofsigmar,14cc9w0,2023-06,2023-06-18,"anyone know what battletome i need for this? im a new player and my lgs didnt have any in stock, as well as the site not having any that look similar.",229,62,https://reddit.com/r/ageofsigmar/comments/14cc9w0/anyone_know_what_battletome_i_need_for_this_im_a/,Question,2023
ageofsigmar,141gc53,2023-06,2023-06-05,My custom Vengorian Lord for friendly match in my local store. All part is from GW and my Idea is from Michael corvin from Underworld. I think revenants is good for custom rogue and savage vampire .,249,6,https://reddit.com/r/ageofsigmar/comments/141gc53/my_custom_vengorian_lord_for_friendly_match_in_my/,Hobby,2023
ageofsigmar,13kgcdo,2023-05,2023-05-17,"I bought this guy for 30 at my LGS, is he good?",11,5,https://reddit.com/r/ageofsigmar/comments/13kgcdo/i_bought_this_guy_for_30_at_my_lgs_is_he_good/,Question,2023
ageofsigmar,13gtgar,2023-05,2023-05-13,Finished a funky boy today for a warhammer store competition🎉 open to constructive criticism,12,0,https://reddit.com/r/ageofsigmar/comments/13gtgar/finished_a_funky_boy_today_for_a_warhammer_store/,Hobby,2023
ageofsigmar,12qso7a,2023-04,2023-04-18,"If I were to preorder the seraphon army box at my LGS, when would I get it?",0,8,https://reddit.com/r/ageofsigmar/comments/12qso7a/if_i_were_to_preorder_the_seraphon_army_box_at_my/,Question,2023
ageofsigmar,12pjjiq,2023-04,2023-04-17,My entry to my local game store’s painting competition,476,13,https://reddit.com/r/ageofsigmar/comments/12pjjiq/my_entry_to_my_local_game_stores_painting/,Hobby,2023
ageofsigmar,12hy2yj,2023-04,2023-04-10,"Went to a new LGS and picked up some cool Oldhammer, hopefully it will be done in time for the Seraphon release!",8,0,https://reddit.com/r/ageofsigmar/comments/12hy2yj/went_to_a_new_lgs_and_picked_up_some_cool/,Hobby,2023
ageofsigmar,113dv3b,2023-02,2023-02-16,demo mini given at my LGS,39,9,https://reddit.com/r/ageofsigmar/comments/113dv3b/demo_mini_given_at_my_lgs/,Question,2023
ageofsigmar,1070syv,2023-01,2023-01-09,Providence Game Store?,0,2,https://reddit.com/r/ageofsigmar/comments/1070syv/providence_game_store/,Question,2023
ageofsigmar,znievb,2022-12,2022-12-16,Ogor Mawtribes Commission I did for a Player at my local game store. (OC),80,3,https://reddit.com/r/ageofsigmar/comments/znievb/ogor_mawtribes_commission_i_did_for_a_player_at/,Hobby,2022
ageofsigmar,zfgz5p,2022-12,2022-12-07,"Went to my local Warhammer store today, dude showed me how to paint and put together models, I think they turned out ok.",254,15,https://reddit.com/r/ageofsigmar/comments/zfgz5p/went_to_my_local_warhammer_store_today_dude/,Hobby,2022
ageofsigmar,zadvyp,2022-12,2022-12-02,Submission for painting competition at local Warhammer store,43,6,https://reddit.com/r/ageofsigmar/comments/zadvyp/submission_for_painting_competition_at_local/,Hobby,2022
ageofsigmar,z5i382,2022-11,2022-11-26,it seems GW priced all the Christmas boxes the same price at 260 CAD. anyone know some good Canadian LGS that will carry them for a better price?,0,8,https://reddit.com/r/ageofsigmar/comments/z5i382/it_seems_gw_priced_all_the_christmas_boxes_the/,Question,2022
ageofsigmar,z2gokn,2022-11,2022-11-23,Currently halfway through painting up a unit of 10 twinsouls for my hedonite army! Hoping to finish them by the end of November and then get some more painbringers ready for December. Got a Path to glory thing happening in my local store starting in January so I need to get ahead!,78,1,https://reddit.com/r/ageofsigmar/comments/z2gokn/currently_halfway_through_painting_up_a_unit_of/,Hobby,2022
ageofsigmar,z1yhi2,2022-11,2022-11-22,"I did it, I went in and out of my local hobby shop just buying the paints I needed",201,31,https://reddit.com/r/ageofsigmar/comments/z1yhi2/i_did_it_i_went_in_and_out_of_my_local_hobby_shop/,Hobby,2022
ageofsigmar,yhvpyu,2022-10,2022-10-31,Got a pin from my LGS but I can’t for the life of me figure out what faction it represents. Who this? Is it new?,19,8,https://reddit.com/r/ageofsigmar/comments/yhvpyu/got_a_pin_from_my_lgs_but_i_cant_for_the_life_of/,Question,2022
ageofsigmar,ygpbru,2022-10,2022-10-29,So my local store had some good deals,251,14,https://reddit.com/r/ageofsigmar/comments/ygpbru/so_my_local_store_had_some_good_deals/,Discussion,2022
ageofsigmar,y9v00g,2022-10,2022-10-21,Questions about playing at a Local Game Store for the first time,11,14,https://reddit.com/r/ageofsigmar/comments/y9v00g/questions_about_playing_at_a_local_game_store_for/,Question,2022
ageofsigmar,y2vyg8,2022-10,2022-10-13,How do you pronounce the realm names. So I got into this conversation with a guy at my FLGS and he said I was pronouncing the names all wrong. How do you feel about my pronunciations?,25,39,https://reddit.com/r/ageofsigmar/comments/y2vyg8/how_do_you_pronounce_the_realm_names_so_i_got/,Discussion,2022
ageofsigmar,xw4kcm,2022-10,2022-10-05,Bought my first AoS army and got a fun game played at my local Warhammer store,52,4,https://reddit.com/r/ageofsigmar/comments/xw4kcm/bought_my_first_aos_army_and_got_a_fun_game/,Hobby,2022
ageofsigmar,xp515h,2022-09,2022-09-27,Any FLGS in the UK that will ship to the USA? The exchange rate is bonkers.,200,82,https://reddit.com/r/ageofsigmar/comments/xp515h/any_flgs_in_the_uk_that_will_ship_to_the_usa_the/,Question,2022
ageofsigmar,xnwwtw,2022-09,2022-09-25,"Attended a Warhammer event at a FLGS, and my mom and I painted our first minis (Stormcast Eternals)",15,2,https://reddit.com/r/ageofsigmar/comments/xnwwtw/attended_a_warhammer_event_at_a_flgs_and_my_mom/,Hobby,2022
ageofsigmar,x48p0p,2022-09,2022-09-02,Quick progression on these 3 Warcry Rotmire Creed models. Next is oils. really enjoying these models. I'm painting them for my local store.,39,1,https://reddit.com/r/ageofsigmar/comments/x48p0p/quick_progression_on_these_3_warcry_rotmire_creed/,Warcry,2022
ageofsigmar,wvucsh,2022-08,2022-08-23,"Friend got this free mini from our local Warhammer store and we’ve been wondering what it is, any ideas? We’re pretty sure it’s AOS",89,21,https://reddit.com/r/ageofsigmar/comments/wvucsh/friend_got_this_free_mini_from_our_local/,Question,2022
ageofsigmar,whdntc,2022-08,2022-08-06,at your local store...,6,16,https://reddit.com/r/ageofsigmar/comments/whdntc/at_your_local_store/,Discussion,2022
ageofsigmar,vp8w9i,2022-07,2022-07-01,Found this in the local game store. What do you think?,28,7,https://reddit.com/r/ageofsigmar/comments/vp8w9i/found_this_in_the_local_game_store_what_do_you/,Hobby,2022
ageofsigmar,vjcflm,2022-06,2022-06-24,Paint Night at LGS,5,2,https://reddit.com/r/ageofsigmar/comments/vjcflm/paint_night_at_lgs/,Question,2022
ageofsigmar,uzawsv,2022-05,2022-05-27,LGS had a spring cleaning sale. All this was 150 usd.,540,66,https://reddit.com/r/ageofsigmar/comments/uzawsv/lgs_had_a_spring_cleaning_sale_all_this_was_150/,Hobby,2022
ageofsigmar,uxpr4f,2022-05,2022-05-25,"My entry to a FLGS painting competition. Didn’t place, but I’m super proud of it.",241,9,https://reddit.com/r/ageofsigmar/comments/uxpr4f/my_entry_to_a_flgs_painting_competition_didnt/,Hobby,2022
ageofsigmar,uuy3h2,2022-05,2022-05-21,Dropped by my LGS for some paint and decided to pick up some Kislev. I figured they would also work well in OPR for generic Humans and maybe even as Vostroyan Rough Riders.,5,6,https://reddit.com/r/ageofsigmar/comments/uuy3h2/dropped_by_my_lgs_for_some_paint_and_decided_to/,Hobby,2022
ageofsigmar,upnmw8,2022-05,2022-05-14,Went to my LGS to grab the blisters and the 1996 Skeletons arrived in the mail today:,68,9,https://reddit.com/r/ageofsigmar/comments/upnmw8/went_to_my_lgs_to_grab_the_blisters_and_the_1996/,Hobby,2022
ageofsigmar,ulqy1g,2022-05,2022-05-09,My 5 y/o first build and paint job at my local store. Now I get to relive my childhood vicariously through my son!,22,2,https://reddit.com/r/ageofsigmar/comments/ulqy1g/my_5_yo_first_build_and_paint_job_at_my_local/,Hobby,2022
ageofsigmar,ukg6tl,2022-05,2022-05-07,"My LGS is starting league in June, one of my co worker want to play Soulbright, does anyone have a 1k or 2k list that he can use. He is interested in Blood knight or zombie",2,4,https://reddit.com/r/ageofsigmar/comments/ukg6tl/my_lgs_is_starting_league_in_june_one_of_my_co/,Discussion,2022
ageofsigmar,ujuasx,2022-05,2022-05-06,Painted Galen Ven Denst for my first painting competition at my FLGS. I was upset that he didn’t get a hat so I improvised.,32,4,https://reddit.com/r/ageofsigmar/comments/ujuasx/painted_galen_ven_denst_for_my_first_painting/,Hobby,2022
ageofsigmar,u8p7rf,2022-04,2022-04-21,"Please rate this Kruleboyz 2k list (tournament at LGS incoming), should I change anything?",8,15,https://reddit.com/r/ageofsigmar/comments/u8p7rf/please_rate_this_kruleboyz_2k_list_tournament_at/,Army List,2022
ageofsigmar,u22ins,2022-04,2022-04-12,How to find a FLGS as a beginner?,6,14,https://reddit.com/r/ageofsigmar/comments/u22ins/how_to_find_a_flgs_as_a_beginner/,Question,2022
ageofsigmar,tfot1r,2022-03,2022-03-16,What is the most common size game you play at your LGS,3,7,https://reddit.com/r/ageofsigmar/comments/tfot1r/what_is_the_most_common_size_game_you_play_at/,Hobby,2022
ageofsigmar,t32eos,2022-02,2022-02-28,Big Winners from a 1k FLGS Tourney!,73,2,https://reddit.com/r/ageofsigmar/comments/t32eos/big_winners_from_a_1k_flgs_tourney/,Hobby,2022
ageofsigmar,t2wk52,2022-02,2022-02-27,Finished my keeper of secrets for my flgs’ escalation league. 90% contrast paints. Really happy with how it came out!,77,4,https://reddit.com/r/ageofsigmar/comments/t2wk52/finished_my_keeper_of_secrets_for_my_flgs/,Hobby,2022
ageofsigmar,st9mqc,2022-02,2022-02-15,The freebie for a local store competition!,118,0,https://reddit.com/r/ageofsigmar/comments/st9mqc/the_freebie_for_a_local_store_competition/,Hobby,2022
ageofsigmar,s2c51f,2022-01,2022-01-12,Local game store is selling some old kits.,63,7,https://reddit.com/r/ageofsigmar/comments/s2c51f/local_game_store_is_selling_some_old_kits/,Hobby,2022
ageofsigmar,s0a8m0,2022-01,2022-01-10,Played Sigmar at my LGS today with my friend.,56,12,https://reddit.com/r/ageofsigmar/comments/s0a8m0/played_sigmar_at_my_lgs_today_with_my_friend/,Hobby,2022
ageofsigmar,ryh1pc,2022-01,2022-01-07,"Got this guy for free at my local store, can I get C&amp;C on my paint job. And can you please tell what exactly this is?",43,4,https://reddit.com/r/ageofsigmar/comments/ryh1pc/got_this_guy_for_free_at_my_local_store_can_i_get/,Hobby,2022
ageofsigmar,rw2zwg,2022-01,2022-01-04,"A game store near me is closing their doors and everything is 50% off…. I kind of went crazy and bought almost $800 worth of product for $380. It includes a Lumenith Realm-Lords starter set, and a Dominion Box, as well as some other units and leaders.",257,29,https://reddit.com/r/ageofsigmar/comments/rw2zwg/a_game_store_near_me_is_closing_their_doors_and/,Hobby,2022
ageofsigmar,rsfaym,2021-12,2021-12-30,My local game store had this on sale for 100 bucks. I've started collecting Sylvaneth but I couldn't resist. I saw the price of the rulebook and thought this was a good deal.,96,23,https://reddit.com/r/ageofsigmar/comments/rsfaym/my_local_game_store_had_this_on_sale_for_100/,Hobby,2021
ageofsigmar,rqd514,2021-12,2021-12-28,"My LGS had a starter box for shadespire and I had money from Christmas so here's my WIP of Angharad Brightshield. Planning on doing the whole group as Anvils of the Heldenhammer who worship Morrda,hence the raven feathers",11,0,https://reddit.com/r/ageofsigmar/comments/rqd514/my_lgs_had_a_starter_box_for_shadespire_and_i_had/,Hobby,2021
ageofsigmar,ripjw2,2021-12,2021-12-17,Loonboss on Ice Squig for my LGS' race event!,11,3,https://reddit.com/r/ageofsigmar/comments/ripjw2/loonboss_on_ice_squig_for_my_lgs_race_event/,Hobby,2021
ageofsigmar,rcekcd,2021-12,2021-12-09,My LGS has some old OOP AoS boxes for MSRP. Is any of this rare or worth picking up?,0,10,https://reddit.com/r/ageofsigmar/comments/rcekcd/my_lgs_has_some_old_oop_aos_boxes_for_msrp_is_any/,Question,2021
ageofsigmar,rbb0ve,2021-12,2021-12-07,"Stripped, cleaned, re-primed and painted some 9 year old Handgunners from the used section of my LGS. First one mostly finished!",46,3,https://reddit.com/r/ageofsigmar/comments/rbb0ve/stripped_cleaned_reprimed_and_painted_some_9_year/,Hobby,2021
ageofsigmar,r4m4vw,2021-11,2021-11-29,Rescued some ANCIENT freeguild handgunners with some interesting kit ashes from my LGS. How do I best strip them?,54,11,https://reddit.com/r/ageofsigmar/comments/r4m4vw/rescued_some_ancient_freeguild_handgunners_with/,Question,2021
ageofsigmar,r2s8hs,2021-11,2021-11-26,Got a crazy Black Friday deal from a LGS in my extended families home town. $100 Dominion - $95 Lumineth Launch Box,104,18,https://reddit.com/r/ageofsigmar/comments/r2s8hs/got_a_crazy_black_friday_deal_from_a_lgs_in_my/,Hobby,2021
ageofsigmar,qx4lhn,2021-11,2021-11-19,Dislike the Butcher model and LGS had a Tyrant right next to the green stuff. I took it as a sign.,30,1,https://reddit.com/r/ageofsigmar/comments/qx4lhn/dislike_the_butcher_model_and_lgs_had_a_tyrant/,Hobby,2021
ageofsigmar,qptvc3,2021-11,2021-11-09,"Knight Heraldor I Painted for my Opponent. New player, hit by red light runner two blocks from FLGS, on way to play our first game.",17,3,https://reddit.com/r/ageofsigmar/comments/qptvc3/knight_heraldor_i_painted_for_my_opponent_new/,Hobby,2021
ageofsigmar,qoomqi,2021-11,2021-11-07,Came in second place in my FLGS 1k point Age of Sigmar Tournament. Grimnir would be quite proud of his boys.,38,4,https://reddit.com/r/ageofsigmar/comments/qoomqi/came_in_second_place_in_my_flgs_1k_point_age_of/,Hobby,2021
ageofsigmar,qno7rp,2021-11,2021-11-06,"Bastian Carthalos painted up as a member of my Stormhost. My FLGS is running a one day speed painting competition for charity, and he’s my entry.",39,0,https://reddit.com/r/ageofsigmar/comments/qno7rp/bastian_carthalos_painted_up_as_a_member_of_my/,Hobby,2021
ageofsigmar,qnber4,2021-11,2021-11-05,Finished up and handed in my entry for a local store painting comp :),10,4,https://reddit.com/r/ageofsigmar/comments/qnber4/finished_up_and_handed_in_my_entry_for_a_local/,Hobby,2021
ageofsigmar,q9fszb,2021-10,2021-10-16,"Behold! My first painting competition model, 2nd place at the LGS. I now own an elven Cheerleader t-shirt.",58,2,https://reddit.com/r/ageofsigmar/comments/q9fszb/behold_my_first_painting_competition_model_2nd/,Hobby,2021
ageofsigmar,pxivk2,2021-09,2021-09-28,"Got these at a local game store, thought I’d seen every goblin out there. Does anyone know what these are? Are they even GW? They were just called “age of sigmar” in the store",251,31,https://reddit.com/r/ageofsigmar/comments/pxivk2/got_these_at_a_local_game_store_thought_id_seen/,Question,2021
ageofsigmar,prsbw0,2021-09,2021-09-20,Here's some more scenery I painted for my FLGS. Hoping for the prettiest gaming table's in the south east.,201,21,https://reddit.com/r/ageofsigmar/comments/prsbw0/heres_some_more_scenery_i_painted_for_my_flgs/,Warcry,2021
ageofsigmar,pq93fz,2021-09,2021-09-17,Some scenery for my local FLGS.,150,11,https://reddit.com/r/ageofsigmar/comments/pq93fz/some_scenery_for_my_local_flgs/,Warcry,2021
ageofsigmar,poywus,2021-09,2021-09-15,"Sailormoon inspired Shadowstaker. Won ""Most Unique"" 🤣 at local store comp",21,1,https://reddit.com/r/ageofsigmar/comments/poywus/sailormoon_inspired_shadowstaker_won_most_unique/,Hobby,2021
ageofsigmar,poklmc,2021-09,2021-09-15,Saw this awesome Boy at the game store. Decided he needed to be the new Megaboss on Foot for my buddy's Ironjawz. Stole one of the Megaboss on Mawkrusha's axes and replaced it with a Gore Grunta's Choppa.,110,8,https://reddit.com/r/ageofsigmar/comments/poklmc/saw_this_awesome_boy_at_the_game_store_decided_he/,Hobby,2021
ageofsigmar,pnowxh,2021-09,2021-09-13,"Painted my first model, got it for free at a Warhammer store today.",68,6,https://reddit.com/r/ageofsigmar/comments/pnowxh/painted_my_first_model_got_it_for_free_at_a/,Hobby,2021
ageofsigmar,plcudn,2021-09,2021-09-10,battlemage conversion for upcoming newbies tourney my LGS is holding,8,0,https://reddit.com/r/ageofsigmar/comments/plcudn/battlemage_conversion_for_upcoming_newbies/,Hobby,2021
ageofsigmar,pk7lj2,2021-09,2021-09-08,"Finally have a hobby shop within 50 miles of me, so I popped along for their first painting afternoon and got myself a couple swampy lads. They were quite fun, and now I'm over the painters block!",24,4,https://reddit.com/r/ageofsigmar/comments/pk7lj2/finally_have_a_hobby_shop_within_50_miles_of_me/,Hobby,2021
ageofsigmar,pg1kg3,2021-09,2021-09-01,My Soulblight Gravelords from the LGS slow grow that’s going on,16,1,https://reddit.com/r/ageofsigmar/comments/pg1kg3/my_soulblight_gravelords_from_the_lgs_slow_grow/,Hobby,2021
ageofsigmar,pbzhlp,2021-08,2021-08-26,Anyone Know of Any FLGS or Wargaming Cubs Playing AOS in Washington DC?,2,3,https://reddit.com/r/ageofsigmar/comments/pbzhlp/anyone_know_of_any_flgs_or_wargaming_cubs_playing/,Question,2021
ageofsigmar,p74j9i,2021-08,2021-08-19,First mini paint experience. Got interested in Warhammer and found AoS and enjoy the fantasy setting more than the sci-fi of 40k. Saw the Gutrippaz paint set at my LGS and thought I’d give it a whirl since it had everything I needed in the kit. I’m hooked!,32,7,https://reddit.com/r/ageofsigmar/comments/p74j9i/first_mini_paint_experience_got_interested_in/,Hobby,2021
ageofsigmar,p0bykn,2021-08,2021-08-08,FLGS sells last Cursed City copy at €355,143,128,https://reddit.com/r/ageofsigmar/comments/p0bykn/flgs_sells_last_cursed_city_copy_at_355/,Cursed City,2021
ageofsigmar,ov6jzz,2021-07,2021-07-31,"I'm not into Aos but my local store gave me this mini for a painting conquest, i didnt won but i'm quite proud of it. Any comments ?",263,30,https://reddit.com/r/ageofsigmar/comments/ov6jzz/im_not_into_aos_but_my_local_store_gave_me_this/,Hobby,2021
ageofsigmar,ov48wo,2021-07,2021-07-31,"My Warhammer store gave me a free Vindictor. After a bit of kitbashing and painting, that’s the result.",923,50,https://reddit.com/r/ageofsigmar/comments/ov48wo/my_warhammer_store_gave_me_a_free_vindictor_after/,Hobby,2021
ageofsigmar,oszsea,2021-07,2021-07-28,Krule Boyz Killaboss I recently painted at my LGS.,4,1,https://reddit.com/r/ageofsigmar/comments/oszsea/krule_boyz_killaboss_i_recently_painted_at_my_lgs/,Hobby,2021
ageofsigmar,opryz1,2021-07,2021-07-23,"Kruleboyz Killaboss on Great Gnashtoof, battle ready, for FLGS demo army! C&amp;C welcome!",5,0,https://reddit.com/r/ageofsigmar/comments/opryz1/kruleboyz_killaboss_on_great_gnashtoof_battle/,Hobby,2021
ageofsigmar,oigccj,2021-07,2021-07-12,Current WIP for my lgs Path to Glory,15,0,https://reddit.com/r/ageofsigmar/comments/oigccj/current_wip_for_my_lgs_path_to_glory/,Hobby,2021
ageofsigmar,ohv8nc,2021-07,2021-07-11,Dominion Demo Game at my FLGS.,40,0,https://reddit.com/r/ageofsigmar/comments/ohv8nc/dominion_demo_game_at_my_flgs/,Hobby,2021
ageofsigmar,ohqphu,2021-07,2021-07-10,Found some Leafblower Dwarves at my local game store! Can't wait to paint them.,13,0,https://reddit.com/r/ageofsigmar/comments/ohqphu/found_some_leafblower_dwarves_at_my_local_game/,Hobby,2021
ageofsigmar,oghvi9,2021-07,2021-07-08,Some of my Soulblight Gravelords made it to my FLGS’s display case!,19,3,https://reddit.com/r/ageofsigmar/comments/oghvi9/some_of_my_soulblight_gravelords_made_it_to_my/,Hobby,2021
ageofsigmar,ofz6zq,2021-07,2021-07-08,Look what I scored at the lgs! Needs a little gap fill here and there but I am excited to have it for my table!,606,11,https://reddit.com/r/ageofsigmar/comments/ofz6zq/look_what_i_scored_at_the_lgs_needs_a_little_gap/,Hobby,2021
ageofsigmar,od1c5t,2021-07,2021-07-03,"Finished these minis JUST this morning, in time for the new release at the LGS! Display Cabinet baby!",104,3,https://reddit.com/r/ageofsigmar/comments/od1c5t/finished_these_minis_just_this_morning_in_time/,Hobby,2021
ageofsigmar,ocuiwj,2021-07,2021-07-03,Finished the store copy for my FLGS just in the nick of time!,270,28,https://reddit.com/r/ageofsigmar/comments/ocuiwj/finished_the_store_copy_for_my_flgs_just_in_the/,Hobby,2021
ageofsigmar,oc31tg,2021-07,2021-07-02,Building a relationship with your FLGS can really pay off 😝,35,6,https://reddit.com/r/ageofsigmar/comments/oc31tg/building_a_relationship_with_your_flgs_can_really/,Hobby,2021
ageofsigmar,obupsz,2021-07,2021-07-01,Dominion Stormcasts completed! Trying to speed paint for my local game store before the new release drops!,32,3,https://reddit.com/r/ageofsigmar/comments/obupsz/dominion_stormcasts_completed_trying_to_speed/,Hobby,2021
ageofsigmar,o9thbu,2021-06,2021-06-28,how do you carry your army to LGS/Tourament?,10,15,https://reddit.com/r/ageofsigmar/comments/o9thbu/how_do_you_carry_your_army_to_lgstourament/,Question,2021
ageofsigmar,o9ek7w,2021-06,2021-06-28,My LGS has entrusted me with the task of painting their Dominion Demo box. Here’s the first 10 minis from it!,111,3,https://reddit.com/r/ageofsigmar/comments/o9ek7w/my_lgs_has_entrusted_me_with_the_task_of_painting/,Hobby,2021
ageofsigmar,o9dnws,2021-06,2021-06-28,"After 7 long days, Cpt. Hans Spiegel von Altdorf is finished! Gave him a cloak, textured his base, and lacquered him to seal it all in. Very pleased with how he turned out. The kitbashing helped lend him personality, and I can't wait to show him to the lads at my LGS. C&amp;C welcome :)",114,12,https://reddit.com/r/ageofsigmar/comments/o9dnws/after_7_long_days_cpt_hans_spiegel_von_altdorf_is/,Hobby,2021
ageofsigmar,o956vj,2021-06,2021-06-27,A Great unclean one goes in the case at the LGS I work at.,312,10,https://reddit.com/r/ageofsigmar/comments/o956vj/a_great_unclean_one_goes_in_the_case_at_the_lgs_i/,Hobby,2021
ageofsigmar,o94pve,2021-06,2021-06-27,"I just finished painting Yndrasta for my FLGS, thoughts?",108,13,https://reddit.com/r/ageofsigmar/comments/o94pve/i_just_finished_painting_yndrasta_for_my_flgs/,Hobby,2021
ageofsigmar,o7cavt,2021-06,2021-06-25,Basing question... In D&amp;D I want my minis to fit a 1” grid (Just how we play and how we’ve built tiles etc) but I’m thinking of giving AoS a go too. Do smaller bases on things like squig hoppers affect mission objectives or magic powers? Are people at a flgs likely to be weird about it?,45,31,https://reddit.com/r/ageofsigmar/comments/o7cavt/basing_question_in_dd_i_want_my_minis_to_fit_a_1/,Question,2021
ageofsigmar,o4bkc5,2021-06,2021-06-20,"My LGS is having a painting contest, and we need voters!",3,1,https://reddit.com/r/ageofsigmar/comments/o4bkc5/my_lgs_is_having_a_painting_contest_and_we_need/,Hobby,2021
ageofsigmar,o1vq0l,2021-06,2021-06-17,A replica Stormcast Warbade I made for one the guys from my local Warhammer store to celebrate him becoming a manager.,1089,21,https://reddit.com/r/ageofsigmar/comments/o1vq0l/a_replica_stormcast_warbade_i_made_for_one_the/,Hobby,2021
ageofsigmar,o1ne96,2021-06,2021-06-17,Anybody know who this little guy is? My boyfriend came home with him from a local game store in a bits bin and I absolutely love him!,116,22,https://reddit.com/r/ageofsigmar/comments/o1ne96/anybody_know_who_this_little_guy_is_my_boyfriend/,Question,2021
ageofsigmar,nz8uml,2021-06,2021-06-13,"My local Warhammer store held a chaos painting challenge to mark its reopening, so I painted this Warsong Revenant with six random paints",786,15,https://reddit.com/r/ageofsigmar/comments/nz8uml/my_local_warhammer_store_held_a_chaos_painting/,Hobby,2021
ageofsigmar,ntgwxp,2021-06,2021-06-06,"Getting back into miniature painting after 10 years, been practicing on the free monthly models from the local Warhammer store. What do you guys think?",24,4,https://reddit.com/r/ageofsigmar/comments/ntgwxp/getting_back_into_miniature_painting_after_10/,Hobby,2021
ageofsigmar,ntbwuk,2021-06,2021-06-06,Found those at random game store when i went home to visit my mom,153,7,https://reddit.com/r/ageofsigmar/comments/ntbwuk/found_those_at_random_game_store_when_i_went_home/,Hobby,2021
ageofsigmar,nqwayx,2021-06,2021-06-02,LGS is opening up casual play again. I'm not not excited to relearn Aos (again). I'm also not not getting my lists organized with reminders and core rules.,5,0,https://reddit.com/r/ageofsigmar/comments/nqwayx/lgs_is_opening_up_casual_play_again_im_not_not/,Hobby,2021
ageofsigmar,n3wkec,2021-05,2021-05-03,Never underestimate your local game store! I thought I’d never own this after hearing about the preorder scandal,43,5,https://reddit.com/r/ageofsigmar/comments/n3wkec/never_underestimate_your_local_game_store_i/,Cursed City,2021
ageofsigmar,mwp0o7,2021-04,2021-04-23,Managed to Nab a cursed city at my LGS for $200! Told me it was the last box they would sell at that price and I couldn't pass it up. Gonna be my project for the next month or so.,9,19,https://reddit.com/r/ageofsigmar/comments/mwp0o7/managed_to_nab_a_cursed_city_at_my_lgs_for_200/,Cursed City,2021
ageofsigmar,mw2bbn,2021-04,2021-04-22,Couldn't believe my luck when I went into my LGS for some paints,80,13,https://reddit.com/r/ageofsigmar/comments/mw2bbn/couldnt_believe_my_luck_when_i_went_into_my_lgs/,Cursed City,2021
ageofsigmar,mu8anx,2021-04,2021-04-19,"My FLGS just came in clutch, it’s a shame that this is a limited run it looks like a ton of fun.",1,1,https://reddit.com/r/ageofsigmar/comments/mu8anx/my_flgs_just_came_in_clutch_its_a_shame_that_this/,Cursed City,2021
ageofsigmar,mu3s5k,2021-04,2021-04-19,Black Coach commission for a new player at my FLGS. Honored to have been trusted with his centerpiece model!,111,3,https://reddit.com/r/ageofsigmar/comments/mu3s5k/black_coach_commission_for_a_new_player_at_my/,Hobby,2021
ageofsigmar,ms6ddp,2021-04,2021-04-16,Cursed city display board WIP. 16 led and 32 oz resin used. Runs on a dc wall plug and will be on display at my FLGS. still have to make the case and trim out the base. First big project,956,60,https://reddit.com/r/ageofsigmar/comments/ms6ddp/cursed_city_display_board_wip_16_led_and_32_oz/,Hobby,2021
ageofsigmar,moapd8,2021-04,2021-04-10,"Largest commission to date and first fantasy themed. What I'm starting with, have to add ton of weathering and water effects oh and paint 60 models. Going in my FLGS wish me luck",56,4,https://reddit.com/r/ageofsigmar/comments/moapd8/largest_commission_to_date_and_first_fantasy/,Hobby,2021
ageofsigmar,mlc724,2021-04,2021-04-06,"I've painted 3 CoS armies and built a shelving unit, this was my quarantine project. I've also not played TT games in over twenty years. Might take the day and drive to a local store, learn and play if these look good. (I have the CoS book)",27,4,https://reddit.com/r/ageofsigmar/comments/mlc724/ive_painted_3_cos_armies_and_built_a_shelving/,Army List,2021
ageofsigmar,mkw6yn,2021-04,2021-04-05,"My LGS owner give it to me, and i m not going to use it, so i m going to share it to someone.",9,2,https://reddit.com/r/ageofsigmar/comments/mkw6yn/my_lgs_owner_give_it_to_me_and_i_m_not_going_to/,Hobby,2021
ageofsigmar,mjqkc5,2021-04,2021-04-04,"My FLGS started an escalation league a while ago, here's my first 500pts",56,2,https://reddit.com/r/ageofsigmar/comments/mjqkc5/my_flgs_started_an_escalation_league_a_while_ago/,Hobby,2021
ageofsigmar,md5z8n,2021-03,2021-03-25,[AMA] My brother and I opened up a game store last year in the middle of the pandemic!,16,19,https://reddit.com/r/ageofsigmar/comments/md5z8n/ama_my_brother_and_i_opened_up_a_game_store_last/,Discussion,2021
ageofsigmar,mbfdat,2021-03,2021-03-23,"Bought it in my FLGS for 295 EUR. Can't say it's a exceptional deal, you could buy almost all of it a bit cheaper (except for Markus Wulfhart), but I was eager to support the store (here in Cyprus it's only 1 place with Warhammer figures). What do you think about the price/value?",167,101,https://reddit.com/r/ageofsigmar/comments/mbfdat/bought_it_in_my_flgs_for_295_eur_cant_say_its_a/,Hobby,2021
ageofsigmar,maxlti,2021-03,2021-03-22,"New stimulus army, Kharadron Overlords. LGS had a start collecting and an old battleforce",160,32,https://reddit.com/r/ageofsigmar/comments/maxlti/new_stimulus_army_kharadron_overlords_lgs_had_a/,Discussion,2021
ageofsigmar,m0i1pk,2021-03,2021-03-08,Another score ar my FLGS. Archaon for $60!,20,3,https://reddit.com/r/ageofsigmar/comments/m0i1pk/another_score_ar_my_flgs_archaon_for_60/,Hobby,2021
ageofsigmar,m0fft1,2021-03,2021-03-08,Question for Polish and EU players: do you know if Veto (vetosklep.pl) is reliable hobby shop?,5,16,https://reddit.com/r/ageofsigmar/comments/m0fft1/question_for_polish_and_eu_players_do_you_know_if/,Question,2021
ageofsigmar,lvolg3,2021-03,2021-03-01,A journey begins this day. LGS didn't have the VLoZD I also wanted to pick up but this is more than enough for now😁,37,14,https://reddit.com/r/ageofsigmar/comments/lvolg3/a_journey_begins_this_day_lgs_didnt_have_the/,Hobby,2021
ageofsigmar,lttzf6,2021-02,2021-02-27,"My Dark Themed Lumineth entry to the local game store for New Year New Army. I’m very lucky to have a great FLGS, and the other entries were superb!",178,10,https://reddit.com/r/ageofsigmar/comments/lttzf6/my_dark_themed_lumineth_entry_to_the_local_game/,Hobby,2021
ageofsigmar,lsn8lp,2021-02,2021-02-26,Slaughterpriest Ready for FLGS Competition,25,0,https://reddit.com/r/ageofsigmar/comments/lsn8lp/slaughterpriest_ready_for_flgs_competition/,Hobby,2021
ageofsigmar,lcylea,2021-02,2021-02-05,"Battle Ready LRL. Embrace the tabletop standard! Strive for competition standards, but be comforted if, like me, you just are not at that level. Your FLGS crew will be MORE than happy to see a battle ready army on the table! Have fun with it!",29,2,https://reddit.com/r/ageofsigmar/comments/lcylea/battle_ready_lrl_embrace_the_tabletop_standard/,Hobby,2021
ageofsigmar,kn8hdf,2020-12,2020-12-30,"Got a few gift cards to my local game shop, so what better way to spend them than start my first ever AoS army!",161,25,https://reddit.com/r/ageofsigmar/comments/kn8hdf/got_a_few_gift_cards_to_my_local_game_shop_so/,Hobby,2020
ageofsigmar,kkap9s,2020-12,2020-12-26,"Oh. Well, thanks GW. Does anybody know if restocks are coming or if he's just gone? I'll be checking my local store at any rate.",5,8,https://reddit.com/r/ageofsigmar/comments/kkap9s/oh_well_thanks_gw_does_anybody_know_if_restocks/,Question,2020
ageofsigmar,kd84t5,2020-12,2020-12-14,Got some Volupus pink from my LGS and decided to fill in the last detail of my troglodon-the venom sacs! I'm pretty satisfied with how well I cleaned it up.,65,3,https://reddit.com/r/ageofsigmar/comments/kd84t5/got_some_volupus_pink_from_my_lgs_and_decided_to/,Hobby,2020
ageofsigmar,jz4n3g,2020-11,2020-11-22,What should I play in my LGS upcoming escalation league,4,2,https://reddit.com/r/ageofsigmar/comments/jz4n3g/what_should_i_play_in_my_lgs_upcoming_escalation/,Army List,2020
ageofsigmar,jsexka,2020-11,2020-11-11,Just painted up these models from the used pile from my game store love how they came out!,55,2,https://reddit.com/r/ageofsigmar/comments/jsexka/just_painted_up_these_models_from_the_used_pile/,Hobby,2020
ageofsigmar,jmar6a,2020-11,2020-11-01,"My haul from the Warhammer store today, first time ever batch painting ahead of me!",36,22,https://reddit.com/r/ageofsigmar/comments/jmar6a/my_haul_from_the_warhammer_store_today_first_time/,Hobby,2020
ageofsigmar,iz9cm3,2020-09,2020-09-25,"Found this stashed away at my lgs, last one in the store. Guess I'll be starting nighthaunt after im done painting my maggotkin! What would be good purchases to add to this box when I get around to it?",79,30,https://reddit.com/r/ageofsigmar/comments/iz9cm3/found_this_stashed_away_at_my_lgs_last_one_in_the/,Hobby,2020
ageofsigmar,ik2rgk,2020-08,2020-08-31,"My local game shop wants me to lead a painting workshop with this particular mini, so I painted one up to get an idea for it. How is it?",10,2,https://reddit.com/r/ageofsigmar/comments/ik2rgk/my_local_game_shop_wants_me_to_lead_a_painting/,Hobby,2020
ageofsigmar,ig8jm1,2020-08,2020-08-25,"Tried my hand at blending for my FLGS Paint Klub. I want to paint with more colour, so this was a nice model to experiment with! How'd I go? :)",120,2,https://reddit.com/r/ageofsigmar/comments/ig8jm1/tried_my_hand_at_blending_for_my_flgs_paint_klub/,Hobby,2020
ageofsigmar,i87ihj,2020-08,2020-08-12,Magmadroth I've recently finished for my first LGS paint competition,6,0,https://reddit.com/r/ageofsigmar/comments/i87ihj/magmadroth_ive_recently_finished_for_my_first_lgs/,Hobby,2020
ageofsigmar,i1u0zr,2020-08,2020-08-01,Found that gem at a random game store,130,5,https://reddit.com/r/ageofsigmar/comments/i1u0zr/found_that_gem_at_a_random_game_store/,Hobby,2020
ageofsigmar,i1sqhs,2020-08,2020-08-01,"My Wife got me my Birthday present early! I've been looking high and low for the Skaven Battleforce box and when my local hobby shop re-opened, they happened to have one!",233,13,https://reddit.com/r/ageofsigmar/comments/i1sqhs/my_wife_got_me_my_birthday_present_early_ive_been/,Hobby,2020
ageofsigmar,hncen4,2020-07,2020-07-08,My LGS every time a new army is released.,98,22,https://reddit.com/r/ageofsigmar/comments/hncen4/my_lgs_every_time_a_new_army_is_released/,Discussion,2020
ageofsigmar,hlcnjq,2020-07,2020-07-04,Starting an AoS group at my local store,12,8,https://reddit.com/r/ageofsigmar/comments/hlcnjq/starting_an_aos_group_at_my_local_store/,Question,2020
ageofsigmar,h9obir,2020-06,2020-06-15,Picked up 2 boxes of Feast of Bones from my flgs. What do I add next for a nice 1000pt force of Bonereapers?,6,7,https://reddit.com/r/ageofsigmar/comments/h9obir/picked_up_2_boxes_of_feast_of_bones_from_my_flgs/,Hobby,2020
ageofsigmar,fv99se,2020-04,2020-04-05,Liberators for LGS,4,0,https://reddit.com/r/ageofsigmar/comments/fv99se/liberators_for_lgs/,Hobby,2020
ageofsigmar,fbnge8,2020-03,2020-03-01,Found this beast at my local store. What could I use him for? (Daemon Prince for size comparison),11,8,https://reddit.com/r/ageofsigmar/comments/fbnge8/found_this_beast_at_my_local_store_what_could_i/,,2020
ageofsigmar,ewid4o,2020-01,2020-01-31,"Most of my 1000 points I took to a tournament at my flgs. Got absolutely demolished, but looked good doing it, anyway.",14,11,https://reddit.com/r/ageofsigmar/comments/ewid4o/most_of_my_1000_points_i_took_to_a_tournament_at/,Hobby,2020
ageofsigmar,ept1he,2020-01,2020-01-17,Just found some maneaters at my local store,31,3,https://reddit.com/r/ageofsigmar/comments/ept1he/just_found_some_maneaters_at_my_local_store/,Hobby,2020
ageofsigmar,enqwsh,2020-01,2020-01-12,"I won a speed painting contest at my FLGS yesterday, we had 90 minutes to paint. I think he came out pretty good considering the time.",162,21,https://reddit.com/r/ageofsigmar/comments/enqwsh/i_won_a_speed_painting_contest_at_my_flgs/,Hobby,2020
ageofsigmar,emgiec,2020-01,2020-01-09,"Blades of Khorne Goretide this was for my local store where I built the board aswell, my first completed army, and my first time building scenery!",124,17,https://reddit.com/r/ageofsigmar/comments/emgiec/blades_of_khorne_goretide_this_was_for_my_local/,Hobby,2020
ageofsigmar,el0yux,2020-01,2020-01-06,Discovered that this guy is no longer available at the GW website. Luckily I found him at a local store. Figured it was gonna be my last chance!,54,21,https://reddit.com/r/ageofsigmar/comments/el0yux/discovered_that_this_guy_is_no_longer_available/,Hobby,2020
ageofsigmar,eal86n,2019-12,2019-12-14,"FLGS organized Armies on Parade, my entry won: Nighthaunt Procession",107,5,https://reddit.com/r/ageofsigmar/comments/eal86n/flgs_organized_armies_on_parade_my_entry_won/,Hobby,2019
ageofsigmar,e7lfgc,2019-12,2019-12-07,My local store secret santa painted this beast for me and it's a perfect day to get him,107,7,https://reddit.com/r/ageofsigmar/comments/e7lfgc/my_local_store_secret_santa_painted_this_beast/,Hobby,2019
ageofsigmar,e7lcha,2019-12,2019-12-07,"A friend found a copy of Looncurse in the stockroom at his FLGS; I’ve spent the week building and getting them tabletop ready, just the details to go after some games tomorrow!",19,2,https://reddit.com/r/ageofsigmar/comments/e7lcha/a_friend_found_a_copy_of_looncurse_in_the/,Hobby,2019
ageofsigmar,e4b5m6,2019-12,2019-12-01,A Warhammer store opened down the street from my house and I may have been overcome with opening day excitement.,106,23,https://reddit.com/r/ageofsigmar/comments/e4b5m6/a_warhammer_store_opened_down_the_street_from_my/,Hobby,2019
ageofsigmar,e1eh4k,2019-11,2019-11-25,My reaction when I enter my local game store,181,10,https://reddit.com/r/ageofsigmar/comments/e1eh4k/my_reaction_when_i_enter_my_local_game_store/,Hobby,2019
ageofsigmar,dvl608,2019-11,2019-11-13,"My LGS was kind enough to hold this for me until I could afford it. One of 2 left in the store, Bone bois and ogres, here I come.",85,47,https://reddit.com/r/ageofsigmar/comments/dvl608/my_lgs_was_kind_enough_to_hold_this_for_me_until/,Hobby,2019
ageofsigmar,dtr78k,2019-11,2019-11-09,New player here with no friends to play with. What do I need to buy to start playing at my local game store.,11,3,https://reddit.com/r/ageofsigmar/comments/dtr78k/new_player_here_with_no_friends_to_play_with_what/,,2019
ageofsigmar,dnzmlq,2019-10,2019-10-27,Warped Paint Challenge at my local store. Gotta paint this fella using only these paints. Wish me luck!,25,8,https://reddit.com/r/ageofsigmar/comments/dnzmlq/warped_paint_challenge_at_my_local_store_gotta/,,2019
ageofsigmar,dksta3,2019-10,2019-10-21,While AoP was going on we had our own painting contest at my FLGS,8,0,https://reddit.com/r/ageofsigmar/comments/dksta3/while_aop_was_going_on_we_had_our_own_painting/,Hobby,2019
ageofsigmar,dbof0r,2019-10,2019-10-01,"As a newer player this is starting to genuinely anger me, does gw not want money? it wouldnt be an issue if you could find these at lgs but all lgs ever carry is big boxs like start collecting and paints",0,18,https://reddit.com/r/ageofsigmar/comments/dbof0r/as_a_newer_player_this_is_starting_to_genuinely/,Discussion,2019
ageofsigmar,d5nqbg,2019-09,2019-09-17,Feedback: 2000Pt Azgorh list for FLGS tourney,3,4,https://reddit.com/r/ageofsigmar/comments/d5nqbg/feedback_2000pt_azgorh_list_for_flgs_tourney/,Army List,2019
ageofsigmar,d28tgy,2019-09,2019-09-10,An amazing panorama from the Warhammer store in Den Haag,535,22,https://reddit.com/r/ageofsigmar/comments/d28tgy/an_amazing_panorama_from_the_warhammer_store_in/,Hobby,2019
ageofsigmar,d10es5,2019-09,2019-09-07,GW Delivery Times to Local Game Store,3,12,https://reddit.com/r/ageofsigmar/comments/d10es5/gw_delivery_times_to_local_game_store/,Question,2019
ageofsigmar,ckye0f,2019-08,2019-08-02,"Been painting for two years, my first model that I'm actually happy with, and my local store Everchosen winner, Zarbagg, son of Zarbag!",96,4,https://reddit.com/r/ageofsigmar/comments/ckye0f/been_painting_for_two_years_my_first_model_that/,Hobby,2019
ageofsigmar,cjavfl,2019-07,2019-07-29,Finally got a good photo of my Archaon model courtesy of my local warhammer store as I entered him for Everchosen Open Category! Particularly proud of my custom base!,215,5,https://reddit.com/r/ageofsigmar/comments/cjavfl/finally_got_a_good_photo_of_my_archaon_model/,Hobby,2019
ageofsigmar,cix8w4,2019-07,2019-07-28,Got inspired when attending Everchosen event at LGS and decided to paint my ironjawz armor in a different way! C&amp;C welcomed thank you :),349,14,https://reddit.com/r/ageofsigmar/comments/cix8w4/got_inspired_when_attending_everchosen_event_at/,Hobby,2019
ageofsigmar,ciucqk,2019-07,2019-07-28,Been 9 months into the hobby and my first time joining Everchosen. Had luck getting a second place at my local LGS. Thanks guys with all the comments and suggestions throughout my painting journey on the Megaboss. Thank you fellow warhammer community so much.,206,7,https://reddit.com/r/ageofsigmar/comments/ciucqk/been_9_months_into_the_hobby_and_my_first_time/,Hobby,2019
ageofsigmar,ci5aat,2019-07,2019-07-26,My little something to represent Death in the #Everchosen competition for my local store.,49,4,https://reddit.com/r/ageofsigmar/comments/ci5aat/my_little_something_to_represent_death_in_the/,,2019
ageofsigmar,cfjzrg,2019-07,2019-07-20,"Got some warcry demomodels to paint for the flgs. Loved painting it, awesome model. Will post tutorial on YT in a few days (squidmar miniatures)",47,3,https://reddit.com/r/ageofsigmar/comments/cfjzrg/got_some_warcry_demomodels_to_paint_for_the_flgs/,,2019
ageofsigmar,cffsa4,2019-07,2019-07-20,Going to a new game store,13,5,https://reddit.com/r/ageofsigmar/comments/cffsa4/going_to_a_new_game_store/,,2019
ageofsigmar,cbqnxn,2019-07,2019-07-11,Bought the Dwarf half of Battle for Skull Pass from my local game store owner to add to my Dispossessed army. I painted up this model from the box. Time to find a round base for him.,45,10,https://reddit.com/r/ageofsigmar/comments/cbqnxn/bought_the_dwarf_half_of_battle_for_skull_pass/,Hobby,2019
ageofsigmar,cacy3h,2019-07,2019-07-07,I won my local Warhammer store’s 100% Contrast painting competition. Received this awesome trophy!,442,35,https://reddit.com/r/ageofsigmar/comments/cacy3h/i_won_my_local_warhammer_stores_100_contrast/,Hobby,2019
ageofsigmar,c8hgfa,2019-07,2019-07-03,Karl Franz done for my LGS painting challenge. 100% contrast!,105,19,https://reddit.com/r/ageofsigmar/comments/c8hgfa/karl_franz_done_for_my_lgs_painting_challenge_100/,Hobby,2019
ageofsigmar,c73qkq,2019-06,2019-06-29,"Took part in a 12000 point Warhammer day game in my local store! 6k Gloomspite vs 2k IJ, 2k SCE &amp; 2k Duardin.",125,18,https://reddit.com/r/ageofsigmar/comments/c73qkq/took_part_in_a_12000_point_warhammer_day_game_in/,Skirmish,2019
ageofsigmar,c4hmkz,2019-06,2019-06-24,All contrast NMM gold WIP for my LGS painting challenge.,35,5,https://reddit.com/r/ageofsigmar/comments/c4hmkz/all_contrast_nmm_gold_wip_for_my_lgs_painting/,Hobby,2019
ageofsigmar,c3p4aw,2019-06,2019-06-22,"WIP. Thinking of entering him in my flgs novice category, but I need a better base than my usual sand. Thoughts?",38,3,https://reddit.com/r/ageofsigmar/comments/c3p4aw/wip_thinking_of_entering_him_in_my_flgs_novice/,Hobby,2019
ageofsigmar,bvom5w,2019-06,2019-06-01,"[Reupload] Some new terrain I painted for my FLGS (no airbrush, walkthrough in comments)",49,6,https://reddit.com/r/ageofsigmar/comments/bvom5w/reupload_some_new_terrain_i_painted_for_my_flgs/,Hobby,2019
ageofsigmar,bsv7jc,2019-05,2019-05-25,My local store wasn’t able to preorder Looncurse due to a mistake on GWs part. This is what the GW rep got me for the trouble. I’m still in disbelief.,438,87,https://reddit.com/r/ageofsigmar/comments/bsv7jc/my_local_store_wasnt_able_to_preorder_looncurse/,Hobby,2019
ageofsigmar,b4v984,2019-03,2019-03-24,"My local store had a fun little painting competition for Wizards/Psykers, some fun stuff :) [disclaimer: Facebook page link]",16,0,https://reddit.com/r/ageofsigmar/comments/b4v984/my_local_store_had_a_fun_little_painting/,Hobby,2019
ageofsigmar,az6rvq,2019-03,2019-03-09,I don’t think I’ve been this excited about anything since I was a teenager. Shoutout to Mike at my LGS for selling it to me; can’t wait to start my Skaven army!,89,15,https://reddit.com/r/ageofsigmar/comments/az6rvq/i_dont_think_ive_been_this_excited_about_anything/,Hobby,2019
ageofsigmar,awjmc5,2019-03,2019-03-02,Impulse bought the Stormcast half of Soul Wars for $40 at a secondhand game store. Afraid it might've been a mistake.,0,5,https://reddit.com/r/ageofsigmar/comments/awjmc5/impulse_bought_the_stormcast_half_of_soul_wars/,Question,2019
ageofsigmar,atfvq9,2019-02,2019-02-22,Gotta love the FLGS and their GW stock,25,24,https://reddit.com/r/ageofsigmar/comments/atfvq9/gotta_love_the_flgs_and_their_gw_stock/,Hobby,2019
