subreddit,month,post_count,avg_score,total_comments
Warhammer,2023-01,11,268.6,115
Warhammer,2023-02,8,71.8,223
Warhammer,2023-03,5,14.8,21
Warhammer,2023-04,11,61.8,54
Warhammer,2023-05,13,113.5,61
Warhammer,2023-06,14,212.7,229
Warhammer,2023-07,11,258.2,361
Warhammer,2023-08,2,16.0,5
Warhammer,2023-09,13,163.3,1035
Warhammer,2023-10,3,29.7,2
Warhammer,2023-11,10,185.4,139
Warhammer,2023-12,7,52.4,80
Warhammer,2024-01,10,63.2,185
Warhammer,2024-02,5,58.8,66
Warhammer,2024-03,3,33.7,269
Warhammer,2024-04,10,126.0,586
Warhammer,2024-05,4,7.5,23
Warhammer,2024-06,5,15.8,25
Warhammer,2024-07,7,164.0,120
Warhammer,2024-08,8,120.1,190
Warhammer,2024-09,8,139.8,204
Warhammer,2024-10,7,630.6,680
Warhammer,2024-11,13,69.0,68
Warhammer,2024-12,9,261.6,621
Warhammer,2025-01,9,33.0,49
Warhammer,2025-02,9,404.6,266
Warhammer,2025-03,5,478.4,118
Warhammer,2025-04,8,193.5,224
Warhammer,2025-05,7,198.3,410
Warhammer,2025-06,6,655.0,478
Warhammer,2025-07,12,445.2,750
Warhammer,2025-08,11,122.1,57
Warhammer,2025-09,8,358.6,399
Warhammer,2025-10,13,551.2,212
Warhammer,2025-11,6,45.8,34
Warhammer,2025-12,8,119.8,265
Warhammer,2026-01,5,309.2,139
Warhammer,2026-02,3,162.7,112
Warhammer,2026-03,3,20.7,2
Warhammer40k,2023-01,24,121.2,283
Warhammer40k,2023-02,22,186.0,525
Warhammer40k,2023-03,23,46.9,590
Warhammer40k,2023-04,26,90.6,244
Warhammer40k,2023-05,31,120.6,269
Warhammer40k,2023-06,70,182.3,1326
Warhammer40k,2023-07,28,131.8,638
Warhammer40k,2023-08,23,148.4,608
Warhammer40k,2023-09,25,88.4,1027
Warhammer40k,2023-10,22,15.9,153
Warhammer40k,2023-11,24,88.8,363
Warhammer40k,2023-12,22,21.5,112
Warhammer40k,2024-01,19,225.2,426
Warhammer40k,2024-02,17,126.2,287
Warhammer40k,2024-03,15,48.5,188
Warhammer40k,2024-04,20,133.4,339
Warhammer40k,2024-05,18,19.1,107
Warhammer40k,2024-06,16,168.9,279
Warhammer40k,2024-07,16,81.4,291
Warhammer40k,2024-08,16,49.1,98
Warhammer40k,2024-09,26,179.6,613
Warhammer40k,2024-10,36,286.2,1120
Warhammer40k,2024-11,24,24.7,203
Warhammer40k,2024-12,20,322.1,378
Warhammer40k,2025-01,29,18.8,767
Warhammer40k,2025-02,22,113.9,292
Warhammer40k,2025-03,21,344.9,255
Warhammer40k,2025-04,18,202.3,338
Warhammer40k,2025-05,18,121.5,352
Warhammer40k,2025-06,14,88.8,241
Warhammer40k,2025-07,28,418.5,1518
Warhammer40k,2025-08,20,119.7,197
Warhammer40k,2025-09,15,106.7,99
Warhammer40k,2025-10,20,52.6,200
Warhammer40k,2025-11,20,147.9,566
Warhammer40k,2025-12,14,349.9,353
Warhammer40k,2026-01,13,353.8,567
Warhammer40k,2026-02,15,130.4,505
Warhammer40k,2026-03,6,791.0,135
__eco__,2023-01,35,167.5,398
__eco__,2023-02,30,155.5,748
__eco__,2023-03,28,41.2,611
__eco__,2023-04,37,82.1,298
__eco__,2023-05,44,118.5,330
__eco__,2023-06,84,187.4,1555
__eco__,2023-07,39,167.5,999
__eco__,2023-08,25,137.8,613
__eco__,2023-09,38,114.1,2062
__eco__,2023-10,25,17.6,155
__eco__,2023-11,34,117.2,502
__eco__,2023-12,29,28.9,192
__eco__,2024-01,29,169.3,611
__eco__,2024-02,22,110.9,353
__eco__,2024-03,18,46.0,457
__eco__,2024-04,30,130.9,925
__eco__,2024-05,22,17.0,130
__eco__,2024-06,21,132.4,304
__eco__,2024-07,23,106.6,411
__eco__,2024-08,24,72.8,288
__eco__,2024-09,34,170.2,817
__eco__,2024-10,43,342.3,1800
__eco__,2024-11,37,40.3,271
__eco__,2024-12,29,303.3,999
__eco__,2025-01,38,22.2,816
__eco__,2025-02,31,198.3,558
__eco__,2025-03,26,370.5,373
__eco__,2025-04,26,199.6,562
__eco__,2025-05,25,143.0,762
__eco__,2025-06,20,258.6,719
__eco__,2025-07,40,426.6,2268
__eco__,2025-08,31,120.5,254
__eco__,2025-09,23,194.3,498
__eco__,2025-10,33,249.0,412
__eco__,2025-11,26,124.3,600
__eco__,2025-12,22,266.2,618
__eco__,2026-01,18,341.4,706
__eco__,2026-02,18,135.8,617
__eco__,2026-03,9,534.2,137
