subreddit,date,title,score,num_comments,flair,url
Warhammer,2025-10-29,Went to my local game store in my armor,6118,113,Hobby,https://reddit.com/r/Warhammer/comments/1oiwx9y/went_to_my_local_game_store_in_my_armor/
Warhammer,2024-10-24,"I Met A ""That Guy"" At My Local Warhammer Store",4360,641,Discussion,https://reddit.com/r/Warhammer/comments/1gb6lvl/i_met_a_that_guy_at_my_local_warhammer_store/
Warhammer40k,2025-07-05,"I won the last 3 tournaments at my local store, now I am banned from the next tournament",4332,620,Misc,https://reddit.com/r/Warhammer40k/comments/1lsbel4/i_won_the_last_3_tournaments_at_my_local_store/
Warhammer40k,2024-01-10,my local warhammer store has started recycling sprues and paint pots,4117,336,News & Rumours,https://reddit.com/r/Warhammer40k/comments/19380qj/my_local_warhammer_store_has_started_recycling/
Warhammer,2025-07-04,"Grandma used to run a hobby/comic book store 20 years ago in Kokomo, IN and heard I was getting back into Warhammer in my 30s. Did I hit the nostalgia jackpot? (Not selling, just for collecting/proxying!)",3734,235,Hobby,https://reddit.com/r/Warhammer/comments/1lrswxj/grandma_used_to_run_a_hobbycomic_book_store_20/
Warhammer40k,2026-03-02,Mural that was being done at a hobby shop I like to go to!,3533,77,Hobby & Painting,https://reddit.com/r/Warhammer40k/comments/1rj8ic8/mural_that_was_being_done_at_a_hobby_shop_i_like/
Warhammer40k,2024-12-21,My wife caught me at the game store 😅,3492,52,Misc,https://reddit.com/r/Warhammer40k/comments/1hjjxd3/my_wife_caught_me_at_the_game_store/
Warhammer40k,2025-04-12,"A local FLGS accidentally received a whopping 47 Sentinel kits when they only ordered 2. Apparently this is 30% of all the Sentinels in the entirety of the US. Long and short of it was the first 2 digits of the inventory code was misinterpreted as the number ordered. $1,100 total.",3231,211,Misc,https://reddit.com/r/Warhammer40k/comments/1jxblxk/a_local_flgs_accidentally_received_a_whopping_47/
Warhammer40k,2024-10-17,I think about bringing this guy to a 1000 points game in my LGS. Will it be considered as bad/unfriendly behaviour?,2909,410,New Starter Help,https://reddit.com/r/Warhammer40k/comments/1g5vo9m/i_think_about_bringing_this_guy_to_a_1000_points/
Warhammer,2025-06-25,There is a store near my home thats just dedicated to Warhammer thought id share it here,2744,376,Discussion,https://reddit.com/r/Warhammer/comments/1ljtiqt/there_is_a_store_near_my_home_thats_just/
Warhammer40k,2025-12-07,Here is a little diorama I made for my local Warhammer store,2586,69,Hobby & Painting,https://reddit.com/r/Warhammer40k/comments/1pgh2ae/here_is_a_little_diorama_i_made_for_my_local/
Warhammer40k,2025-07-31,Imperial fist I painted for a local store competition,2463,43,Hobby & Painting,https://reddit.com/r/Warhammer40k/comments/1me8bzm/imperial_fist_i_painted_for_a_local_store/
Warhammer40k,2023-06-22,First time I’ve seen this store at my local - I’ve either been indoors for far too long or this is new. Hello gorgeous.,2463,156,News & Rumours,https://reddit.com/r/Warhammer40k/comments/14g0x4m/first_time_ive_seen_this_store_at_my_local_ive/
Warhammer,2023-01-17,$10 Holy Grail in a small town hobby shop,2446,65,Hobby,https://reddit.com/r/Warhammer/comments/10en3rk/10_holy_grail_in_a_small_town_hobby_shop/
Warhammer40k,2025-03-16,"MY FLGS is organising a carnival-themed mini painting competition, so here's my humble entry - the Balloon Marine",2346,44,Hobby & Painting,https://reddit.com/r/Warhammer40k/comments/1jcj8rg/my_flgs_is_organising_a_carnivalthemed_mini/
Warhammer40k,2024-10-02,"I won gold for display board at my local store, with a display board of my local store. ",2265,35,Hobby & Painting,https://reddit.com/r/Warhammer40k/comments/1funh0u/i_won_gold_for_display_board_at_my_local_store/
Warhammer40k,2025-07-21,Got this coin at a Warhammer store as a gift for spending too much money. What symbol is this?,2258,209,Lore,https://reddit.com/r/Warhammer40k/comments/1m5ln5i/got_this_coin_at_a_warhammer_store_as_a_gift_for/
Warhammer40k,2025-03-05,Astonishing find at my local game store!,2123,36,Rules,https://reddit.com/r/Warhammer40k/comments/1j4d2t2/astonishing_find_at_my_local_game_store/
Warhammer40k,2024-10-21,A local PC store made a custom 1 off display piece.,1967,24,"Art, Cosplay & OC",https://reddit.com/r/Warhammer40k/comments/1g8npri/a_local_pc_store_made_a_custom_1_off_display_piece/
Warhammer40k,2024-12-11,"On Saturday, I hosted an Apocalypse Game at my LGS in Chicago that saw close to 120,000 points on the table. This event was to celebrate another great year of 40K at our club.",1932,84,Misc,https://reddit.com/r/Warhammer40k/comments/1hbwbzx/on_saturday_i_hosted_an_apocalypse_game_at_my_lgs/
