subreddit,date,posts,total_comments,avg_comments_per_post,unique_authors,avg_score
40kLore,2026-01-25,22,1028,46.73,22,56.91
40kLore,2026-01-26,38,1432,37.68,38,52.08
40kLore,2026-01-27,39,1152,29.54,38,58.77
40kLore,2026-01-28,46,1687,36.67,46,53.09
40kLore,2026-01-29,37,1501,40.57,37,63.27
40kLore,2026-01-30,34,955,28.09,33,32.03
40kLore,2026-01-31,29,881,30.38,28,50.97
40kLore,2026-02-01,40,1245,31.12,40,74.92
40kLore,2026-02-02,30,714,23.8,28,27.6
40kLore,2026-02-03,47,2183,46.45,44,54.51
40kLore,2026-02-04,34,1103,32.44,32,42.32
40kLore,2026-02-05,36,2417,67.14,35,86.53
40kLore,2026-02-06,27,764,28.3,25,30.93
40kLore,2026-02-07,38,1239,32.61,37,62.32
40kLore,2026-02-08,24,880,36.67,23,80.88
40kLore,2026-02-09,36,953,26.47,33,54.69
40kLore,2026-02-10,38,1386,36.47,37,59.13
40kLore,2026-02-11,40,1674,41.85,40,53.62
40kLore,2026-02-12,28,886,31.64,26,67.0
40kLore,2026-02-13,36,1395,38.75,35,57.36
40kLore,2026-02-14,30,991,33.03,30,46.57
40kLore,2026-02-15,26,1262,48.54,26,70.77
40kLore,2026-02-16,29,950,32.76,29,60.14
40kLore,2026-02-17,32,925,28.91,32,41.84
40kLore,2026-02-18,35,1375,39.29,35,69.63
40kLore,2026-02-19,41,786,19.17,40,19.17
40kLore,2026-02-20,34,1103,32.44,34,33.74
40kLore,2026-02-21,32,928,29.0,32,27.62
40kLore,2026-02-22,34,754,22.18,34,20.44
40kLore,2026-02-23,4,86,21.5,4,7.25
Grimdank,2026-02-05,40,2552,63.8,39,1117.7
Grimdank,2026-02-06,45,2551,56.69,44,1016.62
Grimdank,2026-02-07,61,2168,35.54,56,514.31
Grimdank,2026-02-08,56,2647,47.27,51,778.05
Grimdank,2026-02-09,73,3402,46.6,69,772.03
Grimdank,2026-02-10,81,3555,43.89,73,630.75
Grimdank,2026-02-11,56,4007,71.55,52,1013.62
Grimdank,2026-02-12,46,2204,47.91,43,854.76
Grimdank,2026-02-13,57,3183,55.84,54,893.16
Grimdank,2026-02-14,51,2109,41.35,49,682.69
Grimdank,2026-02-15,40,2646,66.15,37,1528.02
Grimdank,2026-02-16,71,2297,32.35,56,581.28
Grimdank,2026-02-17,66,3861,58.5,57,946.27
Grimdank,2026-02-18,59,2470,41.86,55,843.9
Grimdank,2026-02-19,48,2469,51.44,46,494.58
Grimdank,2026-02-20,43,2080,48.37,41,684.58
Grimdank,2026-02-21,47,2211,47.04,44,601.94
Grimdank,2026-02-22,49,1157,23.61,44,295.37
Grimdank,2026-02-23,9,32,3.56,9,67.56
Warhammer,2026-02-07,56,685,12.23,54,55.09
Warhammer,2026-02-08,71,258,3.63,67,39.92
Warhammer,2026-02-09,65,490,7.54,64,77.08
Warhammer,2026-02-10,54,649,12.02,52,60.57
Warhammer,2026-02-11,61,657,10.77,59,153.07
Warhammer,2026-02-12,54,377,6.98,52,66.17
Warhammer,2026-02-13,56,679,12.12,55,54.02
Warhammer,2026-02-14,60,308,5.13,59,68.98
Warhammer,2026-02-15,56,840,15.0,54,139.43
Warhammer,2026-02-16,71,847,11.93,71,94.51
Warhammer,2026-02-17,76,989,13.01,72,157.8
Warhammer,2026-02-18,56,789,14.09,56,115.86
Warhammer,2026-02-19,51,562,11.02,48,114.78
Warhammer,2026-02-20,61,1036,16.98,60,191.02
Warhammer,2026-02-21,72,400,5.56,71,33.39
Warhammer,2026-02-22,65,503,7.74,64,64.23
Warhammer,2026-02-23,11,10,0.91,11,4.45
Warhammer30k,2026-01-27,9,47,5.22,9,146.33
Warhammer30k,2026-01-28,32,331,10.34,32,185.72
Warhammer30k,2026-01-29,42,468,11.14,40,171.26
Warhammer30k,2026-01-30,44,565,12.84,38,131.18
Warhammer30k,2026-01-31,39,196,5.03,37,116.21
Warhammer30k,2026-02-01,41,344,8.39,40,135.95
Warhammer30k,2026-02-02,51,396,7.76,50,117.84
Warhammer30k,2026-02-03,40,447,11.18,34,165.08
Warhammer30k,2026-02-04,34,497,14.62,32,161.26
Warhammer30k,2026-02-05,35,454,12.97,35,137.09
Warhammer30k,2026-02-06,37,327,8.84,36,162.78
Warhammer30k,2026-02-07,40,353,8.82,38,133.78
Warhammer30k,2026-02-08,43,460,10.7,41,162.53
Warhammer30k,2026-02-09,40,338,8.45,39,133.18
Warhammer30k,2026-02-10,33,337,10.21,29,115.45
Warhammer30k,2026-02-11,51,596,11.69,51,147.63
Warhammer30k,2026-02-12,27,325,12.04,27,105.59
Warhammer30k,2026-02-13,38,419,11.03,35,173.42
Warhammer30k,2026-02-14,39,370,9.49,38,167.69
Warhammer30k,2026-02-15,34,239,7.03,34,205.5
Warhammer30k,2026-02-16,35,372,10.63,35,164.43
Warhammer30k,2026-02-17,33,320,9.7,33,238.0
Warhammer30k,2026-02-18,39,432,11.08,39,179.23
Warhammer30k,2026-02-19,32,440,13.75,32,159.53
Warhammer30k,2026-02-20,33,231,7.0,30,97.85
Warhammer30k,2026-02-21,32,193,6.03,31,120.66
Warhammer30k,2026-02-22,38,184,4.84,36,104.66
Warhammer30k,2026-02-23,8,32,4.0,8,7.12
Warhammer40k,2026-02-17,92,678,7.37,84,143.13
Warhammer40k,2026-02-18,163,2422,14.86,158,222.29
Warhammer40k,2026-02-19,173,1658,9.58,167,144.53
Warhammer40k,2026-02-20,180,1555,8.64,175,83.04
Warhammer40k,2026-02-21,172,1355,7.88,170,87.28
Warhammer40k,2026-02-22,199,1398,7.03,187,74.98
Warhammer40k,2026-02-23,18,70,3.89,18,28.78
WarhammerCompetitive,2025-12-25,4,170,42.5,4,21.0
WarhammerCompetitive,2025-12-26,10,507,50.7,10,44.3
WarhammerCompetitive,2025-12-27,3,130,43.33,3,11.33
WarhammerCompetitive,2025-12-28,4,30,7.5,4,40.25
WarhammerCompetitive,2025-12-29,8,333,41.62,8,37.38
WarhammerCompetitive,2025-12-30,5,194,38.8,5,20.2
WarhammerCompetitive,2025-12-31,7,224,32.0,7,37.86
WarhammerCompetitive,2026-01-01,7,69,9.86,6,16.29
WarhammerCompetitive,2026-01-02,9,598,66.44,8,75.11
WarhammerCompetitive,2026-01-03,5,37,7.4,5,23.0
WarhammerCompetitive,2026-01-04,7,474,67.71,7,76.57
WarhammerCompetitive,2026-01-05,11,605,55.0,11,37.73
WarhammerCompetitive,2026-01-06,9,441,49.0,9,64.33
WarhammerCompetitive,2026-01-07,20,1174,58.7,18,56.7
WarhammerCompetitive,2026-01-08,17,879,51.71,17,36.53
WarhammerCompetitive,2026-01-09,11,481,43.73,11,34.36
WarhammerCompetitive,2026-01-10,7,629,89.86,7,69.86
WarhammerCompetitive,2026-01-11,12,444,37.0,12,22.25
WarhammerCompetitive,2026-01-12,14,673,48.07,14,83.71
WarhammerCompetitive,2026-01-13,12,212,17.67,12,17.17
WarhammerCompetitive,2026-01-14,11,465,42.27,11,35.09
WarhammerCompetitive,2026-01-15,14,532,38.0,14,94.07
WarhammerCompetitive,2026-01-16,12,167,13.92,12,13.25
WarhammerCompetitive,2026-01-17,3,285,95.0,3,86.33
WarhammerCompetitive,2026-01-18,3,34,11.33,3,18.33
WarhammerCompetitive,2026-01-19,15,1172,78.13,15,46.87
WarhammerCompetitive,2026-01-20,8,236,29.5,8,35.88
WarhammerCompetitive,2026-01-21,12,566,47.17,12,40.75
WarhammerCompetitive,2026-01-22,10,314,31.4,10,39.2
WarhammerCompetitive,2026-01-23,5,114,22.8,5,29.8
WarhammerCompetitive,2026-01-24,14,387,27.64,13,24.57
WarhammerCompetitive,2026-01-25,6,344,57.33,6,126.17
WarhammerCompetitive,2026-01-26,11,460,41.82,11,48.36
WarhammerCompetitive,2026-01-27,10,621,62.1,10,60.2
WarhammerCompetitive,2026-01-28,11,611,55.55,11,47.82
WarhammerCompetitive,2026-01-29,10,751,75.1,10,60.3
WarhammerCompetitive,2026-01-30,13,559,43.0,11,32.85
WarhammerCompetitive,2026-01-31,10,172,17.2,10,18.3
WarhammerCompetitive,2026-02-01,6,105,17.5,5,31.33
WarhammerCompetitive,2026-02-02,11,270,24.55,11,18.82
WarhammerCompetitive,2026-02-03,16,356,22.25,16,27.81
WarhammerCompetitive,2026-02-04,8,236,29.5,8,27.25
WarhammerCompetitive,2026-02-05,9,177,19.67,9,34.67
WarhammerCompetitive,2026-02-06,11,252,22.91,11,50.73
WarhammerCompetitive,2026-02-07,13,266,20.46,12,17.38
WarhammerCompetitive,2026-02-08,10,88,8.8,9,19.2
WarhammerCompetitive,2026-02-09,15,653,43.53,15,44.33
WarhammerCompetitive,2026-02-10,14,625,44.64,13,43.21
WarhammerCompetitive,2026-02-11,13,663,51.0,13,55.0
WarhammerCompetitive,2026-02-12,12,248,20.67,12,24.5
WarhammerCompetitive,2026-02-13,6,74,12.33,6,24.83
WarhammerCompetitive,2026-02-14,7,11,1.57,5,10.57
WarhammerCompetitive,2026-02-15,8,158,19.75,7,19.88
WarhammerCompetitive,2026-02-16,15,466,31.07,15,22.4
WarhammerCompetitive,2026-02-17,15,606,40.4,13,33.73
WarhammerCompetitive,2026-02-18,16,657,41.06,16,22.5
WarhammerCompetitive,2026-02-19,14,382,27.29,13,29.36
WarhammerCompetitive,2026-02-20,3,75,25.0,3,44.0
WarhammerCompetitive,2026-02-21,10,101,10.1,8,7.6
WarhammerCompetitive,2026-02-22,10,186,18.6,10,6.2
WarhammerCompetitive,2026-02-23,3,2,0.67,3,0.67
ageofsigmar,2026-01-30,27,107,3.96,27,73.15
ageofsigmar,2026-01-31,46,484,10.52,42,106.61
ageofsigmar,2026-02-01,55,350,6.36,50,90.29
ageofsigmar,2026-02-02,37,244,6.59,37,69.49
ageofsigmar,2026-02-03,43,473,11.0,41,96.86
ageofsigmar,2026-02-04,50,368,7.36,48,72.12
ageofsigmar,2026-02-05,40,328,8.2,37,112.92
ageofsigmar,2026-02-06,35,446,12.74,30,92.06
ageofsigmar,2026-02-07,47,261,5.55,43,83.57
ageofsigmar,2026-02-08,42,242,5.76,40,87.48
ageofsigmar,2026-02-09,49,431,8.8,45,115.69
ageofsigmar,2026-02-10,43,257,5.98,42,76.3
ageofsigmar,2026-02-11,26,143,5.5,26,145.35
ageofsigmar,2026-02-12,36,212,5.89,36,56.86
ageofsigmar,2026-02-13,44,288,6.55,43,97.77
ageofsigmar,2026-02-14,34,608,17.88,33,142.68
ageofsigmar,2026-02-15,43,365,8.49,37,96.05
ageofsigmar,2026-02-16,36,493,13.69,34,106.39
ageofsigmar,2026-02-17,46,552,12.0,43,93.54
ageofsigmar,2026-02-18,39,222,5.69,38,78.03
ageofsigmar,2026-02-19,43,374,8.7,42,87.02
ageofsigmar,2026-02-20,41,240,5.85,41,48.02
ageofsigmar,2026-02-21,48,347,7.23,47,60.81
ageofsigmar,2026-02-22,44,264,6.0,42,33.07
ageofsigmar,2026-02-23,5,17,3.4,5,11.0
minipainting,2026-02-13,77,686,8.91,77,165.22
minipainting,2026-02-14,91,558,6.13,90,81.34
minipainting,2026-02-15,130,781,6.01,129,112.41
minipainting,2026-02-16,108,690,6.39,104,70.84
minipainting,2026-02-17,96,598,6.23,94,137.16
minipainting,2026-02-18,98,768,7.84,97,106.36
minipainting,2026-02-19,92,690,7.5,91,86.4
minipainting,2026-02-20,92,735,7.99,90,74.04
minipainting,2026-02-21,78,324,4.15,78,48.36
minipainting,2026-02-22,118,674,5.71,117,30.46
minipainting,2026-02-23,19,47,2.47,19,5.47
warhammerfantasy,2026-01-07,5,120,24.0,5,80.8
warhammerfantasy,2026-01-08,23,259,11.26,22,163.96
warhammerfantasy,2026-01-09,15,256,17.07,14,117.53
warhammerfantasy,2026-01-10,26,212,8.15,25,100.08
warhammerfantasy,2026-01-11,24,227,9.46,24,139.79
warhammerfantasy,2026-01-12,20,155,7.75,20,150.25
warhammerfantasy,2026-01-13,19,144,7.58,19,99.16
warhammerfantasy,2026-01-14,27,369,13.67,27,190.26
warhammerfantasy,2026-01-15,13,153,11.77,13,178.15
warhammerfantasy,2026-01-16,22,250,11.36,20,105.5
warhammerfantasy,2026-01-17,15,250,16.67,15,145.2
warhammerfantasy,2026-01-18,16,135,8.44,16,107.75
warhammerfantasy,2026-01-19,18,170,9.44,18,175.06
warhammerfantasy,2026-01-20,16,178,11.12,16,173.69
warhammerfantasy,2026-01-21,24,307,12.79,23,105.62
warhammerfantasy,2026-01-22,18,129,7.17,17,104.61
warhammerfantasy,2026-01-23,18,386,21.44,18,212.61
warhammerfantasy,2026-01-24,22,320,14.55,21,217.09
warhammerfantasy,2026-01-25,25,203,8.12,23,143.48
warhammerfantasy,2026-01-26,24,207,8.62,23,140.29
warhammerfantasy,2026-01-27,22,328,14.91,20,98.73
warhammerfantasy,2026-01-28,42,918,21.86,39,76.48
warhammerfantasy,2026-01-29,20,546,27.3,20,101.0
warhammerfantasy,2026-01-30,36,682,18.94,34,107.53
warhammerfantasy,2026-01-31,22,230,10.45,21,126.09
warhammerfantasy,2026-02-01,26,176,6.77,24,91.85
warhammerfantasy,2026-02-02,20,237,11.85,20,165.95
warhammerfantasy,2026-02-03,10,92,9.2,10,168.7
warhammerfantasy,2026-02-04,19,233,12.26,19,207.95
warhammerfantasy,2026-02-05,12,63,5.25,12,97.17
warhammerfantasy,2026-02-06,19,209,11.0,18,173.05
warhammerfantasy,2026-02-07,10,115,11.5,10,130.6
warhammerfantasy,2026-02-08,30,351,11.7,28,120.77
warhammerfantasy,2026-02-09,22,267,12.14,21,156.64
warhammerfantasy,2026-02-10,20,340,17.0,20,132.55
warhammerfantasy,2026-02-11,13,142,10.92,13,237.69
warhammerfantasy,2026-02-12,15,668,44.53,14,187.67
warhammerfantasy,2026-02-13,21,338,16.1,20,140.0
warhammerfantasy,2026-02-14,20,256,12.8,18,119.85
warhammerfantasy,2026-02-15,34,328,9.65,30,110.26
warhammerfantasy,2026-02-16,28,575,20.54,25,129.46
warhammerfantasy,2026-02-17,37,359,9.7,27,112.95
warhammerfantasy,2026-02-18,22,178,8.09,21,140.14
warhammerfantasy,2026-02-19,17,200,11.76,17,132.88
warhammerfantasy,2026-02-20,27,215,7.96,25,98.52
warhammerfantasy,2026-02-21,20,362,18.1,18,229.85
warhammerfantasy,2026-02-22,22,214,9.73,19,102.0
warhammerfantasy,2026-02-23,4,8,2.0,4,23.75
