topic,year,post_count,avg_score,total_score,total_comments
Community & Humour,2023,12,4179,50150,1825
Community & Humour,2024,17,5033,85562,2293
Community & Humour,2025,58,3553,206050,6358
Competitive & Tournaments,2025,6,3363,20179,1415
General Discussion,2023,31,6820,211430,8227
General Discussion,2024,31,5970,185068,8074
General Discussion,2025,176,3926,690888,33622
Hobby & Painting,2023,24,6163,147912,6279
Hobby & Painting,2024,84,8534,716850,21961
Hobby & Painting,2025,521,4761,2480341,79129
Lore & Narrative,2023,2,8788,17577,961
Lore & Narrative,2024,9,7080,63716,2342
Lore & Narrative,2025,33,3581,118161,7432
New Player / Getting Started,2025,11,2657,29231,2378
New Releases & News,2023,4,5336,21345,1874
New Releases & News,2024,2,10700,21399,1377
New Releases & News,2025,25,4794,119840,9956
Pricing & Value,2025,1,1850,1850,546
Store & Retail,2024,1,5126,5126,765
Store & Retail,2025,2,1190,2379,463
Video Games & Digital,2024,3,14490,43470,1584
Video Games & Digital,2025,7,5987,41911,2910
