as_of_date,channel_label,channel_id,video_id,title,published_at,views,likes,comments,is_tentpole
2026-02-22,Warhammer_Official,UCwdh3MTrFq3sXlB4ct8B-Fg,oUoMUjr7sag,"Adepta Sororitas: Penitence – Official Warhammer 40,000 Animation Teaser | Warhammer+",2026-02-18T14:06:06Z,19983,592,9,False
2026-02-22,Warhammer_Official,UCwdh3MTrFq3sXlB4ct8B-Fg,9rGsE_oj4O0,"Adepta Sororitas: Penitence – Official Warhammer 40,000 Animation Teaser | Warhammer+",2026-02-18T14:05:29Z,26077,1187,81,False
2026-02-22,Warhammer_Official,UCwdh3MTrFq3sXlB4ct8B-Fg,I5MUxiaU1Xs,This Week's Warhammer+ Shows | Warhammer,2026-02-18T13:00:30Z,12194,388,11,False
2026-02-22,Warhammer_Official,UCwdh3MTrFq3sXlB4ct8B-Fg,hiBWd2Y3KoE,"Loremasters – Titus and the Ultramarian Reclamation | Warhammer 40,000",2026-02-15T17:01:03Z,12893,401,20,False
2026-02-22,Warhammer_Official,UCwdh3MTrFq3sXlB4ct8B-Fg,pQ49lxaZXxc,"Grove Guardian, by Alarielle – Valentine's Day Sylvaneth Reveal | Warhammer Age of Sigmar",2026-02-14T16:01:10Z,64514,3472,214,False
2026-02-22,Warhammer_Official,UCwdh3MTrFq3sXlB4ct8B-Fg,3FwUSCNwOKo,"Loremasters – The 500 Worlds of Ultramar | Warhammer 40,000",2026-02-13T16:00:06Z,14508,335,13,False
2026-02-22,Warhammer_Official,UCwdh3MTrFq3sXlB4ct8B-Fg,8ageDMZi6uw,"How to Paint Red Corsairs Raiders | Warhammer 40,000",2026-02-13T10:50:15Z,38437,1867,97,False
2026-02-22,Warhammer_Official,UCwdh3MTrFq3sXlB4ct8B-Fg,hqCeywnozpQ,This Week on Warhammer+,2026-02-11T13:06:21Z,18052,533,13,False
2026-02-22,Warhammer_Official,UCwdh3MTrFq3sXlB4ct8B-Fg,1KTDh36eJpo,How to Paint a Vanari Lord Regent | Warhammer Age of Sigmar,2026-02-09T11:02:01Z,8511,367,29,False
2026-02-22,Warhammer_Official,UCwdh3MTrFq3sXlB4ct8B-Fg,kGSiHa6m0H8,How to Paint a Tzeentch Fatemaster | Warhammer Age of Sigmar,2026-02-06T12:10:16Z,12499,637,65,False
2026-02-22,Warhammer_Official,UCwdh3MTrFq3sXlB4ct8B-Fg,liYhjOmh91A,"How to Paint T’au Stealth Suits | Warhammer 40,000",2026-02-05T11:00:34Z,13618,615,68,False
2026-02-22,Warhammer_Official,UCwdh3MTrFq3sXlB4ct8B-Fg,QsL03ppvlkg,A new episode of Questing Nights and more on Warhammer+,2026-02-04T13:00:52Z,16745,342,16,False
2026-02-22,Warhammer_Official,UCwdh3MTrFq3sXlB4ct8B-Fg,fDxlEnzgI7k,Loremasters – The fall of the Jade Abbey | Warhammer Age of Sigmar,2026-02-01T17:01:33Z,14637,405,4,False
2026-02-22,Warhammer_Official,UCwdh3MTrFq3sXlB4ct8B-Fg,s-Wky-ZnTRQ,"Loremasters – Nurgle, the great god of decay | Warhammer Age of Sigmar",2026-01-31T16:59:18Z,17892,514,18,False
2026-02-22,Warhammer_Official,UCwdh3MTrFq3sXlB4ct8B-Fg,h0aXklEbpLc,"Painting a Rogal Dorn Battle Tank | Warhammer 40,000",2026-01-30T11:01:26Z,21115,1098,113,False
2026-02-22,Warhammer_Official,UCwdh3MTrFq3sXlB4ct8B-Fg,KzM5JxveO5I,"Warhammer 40,000: Dawn of War IV – Orks Faction Trailer | Warhammer",2026-01-28T17:00:38Z,34760,2358,218,False
2026-02-22,Warhammer_Official,UCwdh3MTrFq3sXlB4ct8B-Fg,pHJgoAnzc_o,Loremasters and more on Warhammer+ this week,2026-01-28T13:01:36Z,17163,555,1,False
2026-02-22,Warhammer_Official,UCwdh3MTrFq3sXlB4ct8B-Fg,fKg-AeE8XPQ,Warhammer Age of Sigmar: The Ultimate Guide,2026-01-27T14:01:08Z,22143,809,116,False
2026-02-22,Warhammer_Official,UCwdh3MTrFq3sXlB4ct8B-Fg,1vObC6zue6Y,Loremasters - The Murder Curse,2026-01-25T17:00:04Z,14412,495,13,False
2026-02-22,Warhammer_Official,UCwdh3MTrFq3sXlB4ct8B-Fg,JFFBEGUiGeE,Loremasters - The Indomitus Crusade,2026-01-24T17:00:22Z,20741,608,5,False
2026-02-22,Warhammer_Official,UCwdh3MTrFq3sXlB4ct8B-Fg,1QRkW-WS0Cg,"How to Paint an Imperial Knight | Warhammer 40,000",2026-01-23T14:06:40Z,33495,1654,123,False
2026-02-22,Warhammer_Official,UCwdh3MTrFq3sXlB4ct8B-Fg,IS6Vephk81Q,This week's Warhammer+ shows,2026-01-21T13:00:37Z,20188,578,9,False
2026-02-22,Warhammer_Official,UCwdh3MTrFq3sXlB4ct8B-Fg,aHed0oG82bA,"Warhammer 40,000 GT - Warhammer Open: Palm Springs - Final - T'au Empire vs. Leagues of Votann",2026-01-19T00:30:32Z,16469,342,13,False
2026-02-22,Warhammer_Official,UCwdh3MTrFq3sXlB4ct8B-Fg,mxWz0PKoE14,"Warhammer 40,000 GT - Warhammer Open: Palm Springs - Semi-Final - Leagues of Votann vs. T'au Empire",2026-01-18T21:27:39Z,14739,295,2,False
2026-02-22,Warhammer_Official,UCwdh3MTrFq3sXlB4ct8B-Fg,LWGhNT5Txo8,"Warhammer 40,000 GT - Warhammer Open: Palm Springs - Round 6 - Grey Knights vs. Space Marines",2026-01-18T04:30:55Z,11335,246,1,False
2026-02-22,Warhammer_Official,UCwdh3MTrFq3sXlB4ct8B-Fg,XjKB3WxHkic,"Warhammer 40,000 GT - Warhammer Open: Palm Springs - Round 5 - Astra Militarum vs. Leagues of Votann",2026-01-18T01:22:13Z,11064,241,5,False
2026-02-22,Warhammer_Official,UCwdh3MTrFq3sXlB4ct8B-Fg,RM5wbeA7Bh4,"Warhammer 40,000 GT - Warhammer Open: Palm Springs - Round 4 - Thousand Sons vs Blood Angels",2026-01-17T21:42:04Z,14683,309,7,False
2026-02-22,Warhammer_Official,UCwdh3MTrFq3sXlB4ct8B-Fg,NWZEYUhaLEM,"Warhammer 40,000 GT - Warhammer Open: Palm Springs - Round 2 - Adepta Soroitas vs. Aeldari",2026-01-17T13:28:23Z,14291,206,1,False
2026-02-22,Warhammer_Official,UCwdh3MTrFq3sXlB4ct8B-Fg,YJJ1aj5OHEA,"Warhammer 40,000 GT - Warhammer Open: Palm Springs - Round 3 - Black Templars vs. Chaos Knights",2026-01-17T05:06:47Z,9288,158,5,False
2026-02-22,Warhammer_Official,UCwdh3MTrFq3sXlB4ct8B-Fg,hKQZ8lcb4Oc,New Ossiarch Bonereapers revealed at the New Year Preview 2026!,2026-01-16T21:57:04Z,25649,1019,35,False
2026-02-22,Warhammer_Official,UCwdh3MTrFq3sXlB4ct8B-Fg,4s4S2x51334,All new plastic Legio Custodes models?,2026-01-16T21:43:28Z,145713,4798,541,False
2026-02-22,Warhammer_Official,UCwdh3MTrFq3sXlB4ct8B-Fg,NdQwfp0si-s,"Red Corsairs, Prince Yriel, and the Eldritch Raiders revealed at the New Year Preview 2026!",2026-01-16T21:36:21Z,51635,2185,80,False
2026-02-22,Warhammer_Official,UCwdh3MTrFq3sXlB4ct8B-Fg,Qxp2F6kk03U,New Year Preview 2026 Recap | Warhammer,2026-01-16T21:00:07Z,64905,2092,727,False
2026-02-22,Warhammer_Official,UCwdh3MTrFq3sXlB4ct8B-Fg,BSb79zH13is,New Year Warhammer Preview 2026 Livestream,2026-01-16T20:54:46Z,240886,6790,1031,False
2026-02-22,Warhammer_Official,UCwdh3MTrFq3sXlB4ct8B-Fg,yZyCmcrIIPw,"The Reign of Iron – Teaser Trailer | Warhammer 40,000",2026-01-16T20:52:06Z,157221,4305,537,False
2026-02-22,Warhammer_Official,UCwdh3MTrFq3sXlB4ct8B-Fg,JjJuAQqXD6U,New Legio Custodes – Revealed at the New Year Preview 2026 | Warhammer: The Horus Heresy,2026-01-16T20:51:09Z,106856,2627,5043,False
2026-02-22,Warhammer_Official,UCwdh3MTrFq3sXlB4ct8B-Fg,8z90Eek8j0c,"Warhammer 40,000 GT - Warhammer Open: Palm Springs - Round 1 - Chaos Daemons vs Emperor's Children",2026-01-16T20:32:05Z,28553,517,3,False
2026-02-22,Warhammer_Official,UCwdh3MTrFq3sXlB4ct8B-Fg,xUNu5VxPigw,Exclusive Animation Extract: Penitence – Revealed at the New Year Preview 2026 | Warhammer+,2026-01-16T20:29:04Z,164577,8207,559,False
2026-02-22,Warhammer_Official,UCwdh3MTrFq3sXlB4ct8B-Fg,MtsxJlLVVwk,New Ossiarch Bonereapers – Revealed at the New Year Preview 2026 | Warhammer Age of Sigmar,2026-01-16T20:14:47Z,20386,782,82,False
2026-02-22,Warhammer_Official,UCwdh3MTrFq3sXlB4ct8B-Fg,qXDdQTe3L2I,"Corsairs of the Maelstrom – Revealed at the New Year Preview 2026 | Warhammer 40,000",2026-01-16T20:05:46Z,48668,1206,91,False
2026-02-22,Warhammer_Official,UCwdh3MTrFq3sXlB4ct8B-Fg,0xZZGws55-k,"How to Paint Grey Knights | Warhammer 40,000",2026-01-16T11:00:03Z,23991,1022,235,False
2026-02-22,Warhammer_Official,UCwdh3MTrFq3sXlB4ct8B-Fg,tXzKI4tebYo,This week on Warhammer+,2026-01-14T14:19:06Z,19274,458,8,False
2026-02-22,Warhammer_Official,UCwdh3MTrFq3sXlB4ct8B-Fg,beaIuIPpEt8,How to Paint Nurgle's Decaying Armour & Metallics | Warhammer Age of Sigmar,2026-01-13T11:01:18Z,21891,1032,55,False
2026-02-22,Warhammer_Official,UCwdh3MTrFq3sXlB4ct8B-Fg,VEAiLaT2lTU,Painting Putrid Nurgle Skin Tones | Warhammer Age of Sigmar,2026-01-12T11:00:58Z,14386,770,32,False
2026-02-22,Warhammer_Official,UCwdh3MTrFq3sXlB4ct8B-Fg,8SBizuCvSUE,"Warhammer 40,000: Dawn of War IV - Orks CGI Trailer",2026-01-08T17:00:09Z,49548,3391,248,False
2026-02-22,Warhammer_Official,UCwdh3MTrFq3sXlB4ct8B-Fg,A4XXSboOMcg,"How to Paint Captain Titus | Warhammer 40,000",2026-01-08T11:00:15Z,96323,4209,229,False
2026-02-22,Warhammer_Official,UCwdh3MTrFq3sXlB4ct8B-Fg,2rYjI7Mbtn0,Painting Desk – Blood Vengeance Trailer | Warhammer TV,2026-01-07T14:02:16Z,6229,259,7,False
2026-02-22,Warhammer_Official,UCwdh3MTrFq3sXlB4ct8B-Fg,9KAwVD_azuE,Witch hunter dioramas on Painting Desk,2026-01-07T14:00:19Z,21203,367,5,False
2026-02-22,Warhammer_Official,UCwdh3MTrFq3sXlB4ct8B-Fg,kcpcsKrl9oo,"New Warhammer 40,000 Animations Trailer – January 2026 | Warhammer+",2026-01-07T13:01:42Z,130156,6163,622,False
2026-02-22,Warhammer_Official,UCwdh3MTrFq3sXlB4ct8B-Fg,xRe4fMNw9ZA,What happens when you infect Skitarii with a slightly dodgy strain of scrap-code?,2026-01-04T16:01:28Z,32470,791,9,False
2026-02-22,Luetin09,UC8RfCCzWsMgNspTI-GTFenQ,WkWh3q3Cry0,"BELISARIUS CAWL - THE TRUE OMNISSIAH? | Warhammer 40,000 Lore/History",2026-02-06T20:18:09Z,315649,10971,1142,False
2026-02-22,Luetin09,UC8RfCCzWsMgNspTI-GTFenQ,8f7pjETviLA,"40K - THE GREAT NACHMUND WAR [4]: PURIFICATION | Warhammer 40,000 Lore/History",2025-12-25T00:49:03Z,196614,5672,433,False
2026-02-22,Luetin09,UC8RfCCzWsMgNspTI-GTFenQ,SyxozCJS0F0,"40K - THE DARK ANGELS - and return of THE LION | Warhammer 40,000 Lore/History",2025-12-15T20:04:43Z,364507,11008,610,False
2026-02-22,Luetin09,UC8RfCCzWsMgNspTI-GTFenQ,wJo6HBaWklc,"40K - THE DARK AGE OF AI and THE STC LIE | Warhammer 40,000 Lore/Speculation",2025-11-26T00:22:50Z,519230,16570,1659,False
2026-02-22,Luetin09,UC8RfCCzWsMgNspTI-GTFenQ,tl8Izv0MKPQ,"THE SLEEPER LEGION - WHO WON THE HERESY | Warhammer 40,000 Lore/History",2025-10-23T20:33:04Z,359017,9670,778,False
2026-02-22,Luetin09,UC8RfCCzWsMgNspTI-GTFenQ,d18RfIPARNE,"40K PRIMARCHS - SANGUINIUS - THE RISE AND FALL OF AN ANGEL | Warhammer 40,000 Lore/History",2025-09-28T20:32:48Z,815020,14969,1039,False
2026-02-22,Luetin09,UC8RfCCzWsMgNspTI-GTFenQ,XNr6JLhKDdo,"WHY DID THIS HAPPEN? - THE TERMINUS DECREE REVEALED | Warhammer 40,000 Lore/Discussion",2025-08-24T21:08:06Z,364221,12180,1952,False
2026-02-22,Luetin09,UC8RfCCzWsMgNspTI-GTFenQ,sPILexT0zcU,"THE COST OF COURAGE IN M41 - The Tragedy of Lyubov | Warhammer 40,000 Lore/History",2025-08-13T21:29:54Z,289579,8598,666,False
2026-02-22,Luetin09,UC8RfCCzWsMgNspTI-GTFenQ,8Zndv3WBLwg,"AFTERMATH OF THE HERESY - The Era of Ruin & Scouring Begins | Warhammer 40,000 Lore/Discussion",2025-07-22T19:56:14Z,604615,15055,912,False
2026-02-22,Luetin09,UC8RfCCzWsMgNspTI-GTFenQ,WQ_OoUMySI0,"40K ARBITES LORE - DARKTIDE DEEP DIVE | Warhammer 40,000 Lore/History",2025-06-21T20:27:42Z,369244,10617,746,False
2026-02-22,Luetin09,UC8RfCCzWsMgNspTI-GTFenQ,wjU7QJE3it0,"THIS DISGRACE - MUST END!! - 40K Legends - YARRICK | Warhammer 40,000 Lore/Discussion",2025-06-08T22:01:11Z,277233,10967,1108,False
2026-02-22,Luetin09,UC8RfCCzWsMgNspTI-GTFenQ,zzueAX2TAZI,"SKULLS 2025 + THE RETURN OF THE SATURNINE | Warhammer 40,000 News/Discuss",2025-05-30T20:27:35Z,159854,7153,498,False
2026-02-22,Luetin09,UC8RfCCzWsMgNspTI-GTFenQ,TyG9jUqicFo,"40K BEGINNERS - TRAITOR ASTARTES [Part 3] | Warhammer 40,000 Lore/History",2025-05-16T18:52:45Z,526330,10037,789,False
2026-02-22,Luetin09,UC8RfCCzWsMgNspTI-GTFenQ,maj9xHyyKXI,"ROGAL DORN - DEAD OR ALIVE? - Returning Primarchs | Warhammer 40,000 Lore/Speculation",2025-05-01T22:01:38Z,207074,7725,1115,False
2026-02-22,Luetin09,UC8RfCCzWsMgNspTI-GTFenQ,PAGqDoFV9lo,WHAT IF - ASTARTES NEVER EXISTED? | WARHAMMER 40000 LORE/SPECULATION - 40K,2025-04-23T18:00:39Z,325004,8372,1121,False
2026-02-22,Luetin09,UC8RfCCzWsMgNspTI-GTFenQ,ZSw4Je_QbYc,"40K - THE SIEGE OF VRAKS [2] DEATH KORPS BREAKTHROUGH | Warhammer 40,000 Lore / History",2025-04-07T21:24:42Z,273098,8001,484,False
2026-02-22,Luetin09,UC8RfCCzWsMgNspTI-GTFenQ,eoV0XJg3x18,"YOU'LL NEVER SEE THEM AGAIN? - Imperial Guard Regiments | WARHAMMER 40,000 LORE/DISCUSSION",2025-03-13T17:45:54Z,301843,10103,986,False
2026-02-22,Luetin09,UC8RfCCzWsMgNspTI-GTFenQ,NtVl-GrS2iI,"5 BIGGEST PROBLEMS IN 40K LORE - That GW Can’t Fix! | WARHAMMER 40,000 LORE/DISCUSSION",2025-03-07T17:00:40Z,582775,18437,3068,False
2026-02-22,Luetin09,UC8RfCCzWsMgNspTI-GTFenQ,Z9A1tWHuyrc,WHAT IF TAU RULED THE 40K GALAXY？| WARHAMMER 40000 LORE/SPECULATION,2025-02-24T17:34:32Z,380332,10313,1447,False
2026-02-22,Luetin09,UC8RfCCzWsMgNspTI-GTFenQ,FyK_022amgY,"NECRONS IN YOUR BRAIN - CANOPTEK SCARABS  | WARHAMMER 40,000 LoreGear / History",2025-02-15T15:39:09Z,210806,7887,481,False
2026-02-22,Luetin09,UC8RfCCzWsMgNspTI-GTFenQ,_5rXIisOAxw,"AGE OF APOSTASY NOW - 40K LORE MUST MOVE ON | WARHAMMER 40,000 Lore/Speculation",2025-01-18T21:07:58Z,682956,15121,1200,False
2026-02-22,Luetin09,UC8RfCCzWsMgNspTI-GTFenQ,t3V5JSl3lsA,Moistcr1tikal Is Addicted to 40K Now  |  Luetin Chats w Charlie & Adeptus Ridiculous Squad,2024-12-29T23:02:22Z,211472,9553,1042,False
2026-02-22,Luetin09,UC8RfCCzWsMgNspTI-GTFenQ,K4-GWFNJiYk,"40K's MOST INSANE & POWERFUL WEAPONS [Part Five] | WARHAMMER 40,000 Lore/History",2024-12-22T19:20:45Z,316892,12357,693,False
2026-02-22,Luetin09,UC8RfCCzWsMgNspTI-GTFenQ,H-WiscjU5c0,"40K - THE SIEGE OF VRAKS [1] DEATH KORPS OF KRIEG | Warhammer 40,000 Lore / History",2024-12-14T20:07:37Z,648472,15405,689,False
2026-02-22,Luetin09,UC8RfCCzWsMgNspTI-GTFenQ,7CiNXqfPFlo,"40K - THE GREAT NACHMUND WAR [3]: A DUEL OF TITANS | Warhammer 40,000 Lore/History",2024-11-30T22:10:44Z,300434,8421,562,False
2026-02-22,Luetin09,UC8RfCCzWsMgNspTI-GTFenQ,eAAUCd_ZaWI,"HIVE CITY APOCALYPSE - FOREVER WINTER but its 40K? | Warhammer 40,000 Lore / Speculation",2024-10-31T18:55:41Z,276615,8279,479,False
2026-02-22,Luetin09,UC8RfCCzWsMgNspTI-GTFenQ,iLT8r-FaVgA,"THE IMPERIUM'S WORST JOBS - Part 5 | WARHAMMER 40,000 Lore / History",2024-10-15T20:10:03Z,481448,12447,1137,False
2026-02-22,Luetin09,UC8RfCCzWsMgNspTI-GTFenQ,jj3-5D9Xx2s,"40K CURIOUS AFTER SPACE MARINE 2? | LUETIN'S ULTIMATE BEGINNERS GUIDE TO WARHAMMER 40,000",2024-10-07T17:53:12Z,532445,11082,1005,False
2026-02-22,Luetin09,UC8RfCCzWsMgNspTI-GTFenQ,UXt5wLPuAMQ,"SPACE MARINE 2 is (nearly) A MASTERPIECE | Warhammer 40,000",2024-09-14T18:17:03Z,225776,9423,1607,False
2026-02-22,Luetin09,UC8RfCCzWsMgNspTI-GTFenQ,aEqFxpRAjNI,"SPACE MARINE 2 - TITUS LORE - DEEP DIVE | Warhammer 40,000 Lore/History",2024-08-30T20:03:13Z,1503709,29352,1642,False
2026-02-22,Luetin09,UC8RfCCzWsMgNspTI-GTFenQ,c85T_73AYwU,"40K - THE DEATH OF HIVE SECUNDUS [Necromunda] - Warhammer 40,000 Lore/History",2024-08-21T22:29:15Z,774248,16887,721,False
2026-02-22,Luetin09,UC8RfCCzWsMgNspTI-GTFenQ,ZQ8sPgRsYok,"40K LEGENDS - LEMARTES GUARDIAN OF THE LOST | Warhammer 40,000 Lore History",2024-08-14T18:46:22Z,307005,9448,435,False
2026-02-22,Luetin09,UC8RfCCzWsMgNspTI-GTFenQ,wh_wA44KbZM,"SPACE MARINE 2 - DEATH WORLD INFILTRATION - FIRST GAMEPLAY 4K | Warhammer 40,000",2024-08-07T16:02:42Z,196761,5551,535,False
2026-02-22,Luetin09,UC8RfCCzWsMgNspTI-GTFenQ,aoEC8GIKKM4,"SPACE MARINE 2 - HIVE CITY XENOS INVASION  - FIRST GAMEPLAY 4K | Warhammer 40,000",2024-08-07T15:18:11Z,451522,11477,1371,False
2026-02-22,Luetin09,UC8RfCCzWsMgNspTI-GTFenQ,JkEm75hZn_I,"The ORIGINS of ASTARTES PSYKERS | Warhammer 40,000 Lore/History",2024-08-06T22:20:09Z,527345,12636,501,False
2026-02-22,Luetin09,UC8RfCCzWsMgNspTI-GTFenQ,zIhTm3HykvU,"40K - THE HORROR OF SPYRER HUNTERS | Warhammer 40,000 Lore/History",2024-07-26T18:59:36Z,303718,10356,444,False
2026-02-22,Luetin09,UC8RfCCzWsMgNspTI-GTFenQ,BzA7s1SRydg,DARK MECHANICUM RISING | Warhammer 40000 Lore/History/Speculation,2024-07-14T21:08:39Z,522125,13287,885,False
2026-02-22,Luetin09,UC8RfCCzWsMgNspTI-GTFenQ,jRjg-DVy2Mw,"40K NECROMUNDA [1] - HIVE CITY GANG WARS | Warhammer 40,000 Lore/History",2024-07-04T20:12:13Z,706738,18248,1169,False
2026-02-22,Luetin09,UC8RfCCzWsMgNspTI-GTFenQ,NZyXxDH6c8k,"THE END OF SLAANESH IN 40K? | Warhammer 40,000 Lore/Discussion",2024-06-18T19:24:26Z,541715,15952,2903,False
2026-02-22,Luetin09,UC8RfCCzWsMgNspTI-GTFenQ,AFqNHLoPXpA,"40K MASTERS OF WAR - THE HORROR OF DREADNOUGHTS | WARHAMMER 40,000 Lore / History",2024-05-27T20:16:36Z,1341091,24178,1055,False
2026-02-22,Luetin09,UC8RfCCzWsMgNspTI-GTFenQ,htaA_AP7T2o,"40K - KASRKIN ORIGINS - CADIAN SPEC OPS | Warhammer 40,000 Lore/History",2024-05-18T22:06:26Z,467943,13794,740,False
2026-02-22,Luetin09,UC8RfCCzWsMgNspTI-GTFenQ,gsw0MDcT5Os,"UNDERSTANDING A GOD EMPEROR  | Dune/Warhammer 40,000 Lore/History",2024-05-12T20:44:42Z,467021,15409,1515,False
2026-02-22,Luetin09,UC8RfCCzWsMgNspTI-GTFenQ,FsyHFrkENDI,"THE ADEPTUS CUSTODES - WRATH OF THE EMPEROR | Warhammer 40,000 Lore/History",2024-04-27T23:06:55Z,1454049,23702,3823,False
2026-02-22,Luetin09,UC8RfCCzWsMgNspTI-GTFenQ,Fy1TQbDVgJg,"40K - NO ONE NOTICED THIS FOR 10,000 YEARS? | Warhammer 40,000 Lore/Discussion",2024-04-16T22:47:36Z,400064,19832,10243,False
2026-02-22,Luetin09,UC8RfCCzWsMgNspTI-GTFenQ,BzcnWEeBf2g,"LOST WORLDS THAT COULD CHANGE THE IMPERIUM | Warhammer 40,000 Lore/History",2024-04-13T21:29:38Z,622395,16882,1197,False
2026-02-22,Luetin09,UC8RfCCzWsMgNspTI-GTFenQ,LUnB4QAj-bw,"A MAJOR FLAW IN 40K | Warhammer 40,000 Lore/History/Opinion",2024-03-29T20:15:10Z,342218,11980,1746,False
2026-02-22,Luetin09,UC8RfCCzWsMgNspTI-GTFenQ,7pc2yVnvQZg,"40K - DORN MUST STAY DEAD - Returning Primarchs | Warhammer 40,000 Lore/Speculation",2024-03-11T20:19:20Z,382812,13181,2462,False
2026-02-22,Luetin09,UC8RfCCzWsMgNspTI-GTFenQ,Y6qKq1O4UU8,"40K - ASTARTES BLACKSHIELDS - Endryd Haar | Warhammer 40,000 Lore/History",2024-03-02T20:54:36Z,634767,15636,597,False
2026-02-22,Luetin09,UC8RfCCzWsMgNspTI-GTFenQ,wRpfm6_x83o,"CAWL'S NEXUS PLAN COULD CHANGE EVERYTHING | Warhammer 40,000 Lore/Speculation",2024-02-19T23:49:29Z,802999,16601,1035,False
2026-02-22,Luetin09,UC8RfCCzWsMgNspTI-GTFenQ,3DJD4XeUGVw,"40K EXPLAINED - THE EMPEROR'S GOLDEN THRONE | Warhammer 40,000 Lore/History",2024-01-27T18:05:03Z,1149715,24112,1678,False
2026-02-22,WesHammer,UCSDj6ttwzj2sr464jDdg_pA,2CBNNQ0f3dU,The Badab War Was Absolutely INSANE! Huron Blackheart | Warhammer 40K Lore,2025-12-17T14:45:00Z,313378,8059,765,False
2026-02-22,WesHammer,UCSDj6ttwzj2sr464jDdg_pA,HxI3FVAm2IQ,The 8 Gods Of Chaos Explained | Warhammer 40k Lore,2025-11-29T19:31:15Z,387578,13431,1302,False
2026-02-22,WesHammer,UCSDj6ttwzj2sr464jDdg_pA,gFuwrnXqVhU,Ghost Planet Is HORRIFYING! | Warhammer 40K Lore,2025-11-17T01:48:42Z,254478,8711,606,False
2026-02-22,WesHammer,UCSDj6ttwzj2sr464jDdg_pA,3-XWC72OosQ,A Name We Cant Explain Keeps Appearing Everywhere | Warhammer 40K Lore,2025-10-31T22:54:56Z,255558,8637,633,False
2026-02-22,WesHammer,UCSDj6ttwzj2sr464jDdg_pA,cO2ZKmQLmC4,Is Rogue Trader Secretly The Best 40K Game Ever Made?,2025-10-25T23:43:08Z,130625,5436,868,False
2026-02-22,WesHammer,UCSDj6ttwzj2sr464jDdg_pA,aF1wlCeFu1E,"Who Was ""The Outsider"" And When Will It Return? | Warhammer 40K Lore",2025-10-21T13:45:01Z,590564,19600,1267,False
2026-02-22,WesHammer,UCSDj6ttwzj2sr464jDdg_pA,eL_95D1I6Og,What Was The Emperor's Angel Of Destruction? | Warhammer 40K Lore,2025-10-01T00:43:25Z,256441,8417,492,False
2026-02-22,WesHammer,UCSDj6ttwzj2sr464jDdg_pA,VoVrEifzFCQ,"""The Stacks"" Is HORRIFYING! Grim Dark Story Hour | Warhammer 40K Lore",2025-09-20T14:00:48Z,205152,7614,538,False
2026-02-22,WesHammer,UCSDj6ttwzj2sr464jDdg_pA,e0X6a2-oaGw,Kharn The Betrayer DEEP DIVE! The Strongest Space Marine? | Warhammer 40K Lore,2025-08-31T20:22:31Z,367769,9295,550,False
2026-02-22,WesHammer,UCSDj6ttwzj2sr464jDdg_pA,RSw80_HAeIU,Did They Just RUIN One Of 40K's Best Mysteries? | Warhammer 40K Lore,2025-08-27T13:45:04Z,241103,9166,1339,False
2026-02-22,WesHammer,UCSDj6ttwzj2sr464jDdg_pA,_AK2MMCjJDo,Did The Tau Accidently Create A New God? | Warhammer 40K Lore,2025-08-20T13:45:05Z,362348,16287,1280,False
2026-02-22,WesHammer,UCSDj6ttwzj2sr464jDdg_pA,UOd5adIIpAM,Is Everyone Wrong about 40K's Most HATED Character? | Warhammer 40K Lore,2025-07-26T13:45:04Z,189636,9053,2035,False
2026-02-22,WesHammer,UCSDj6ttwzj2sr464jDdg_pA,ljf4IWCW3aM,The Deadhenge Anomaly That Killed Millions | Warhammer 40K Lore,2025-07-19T19:40:40Z,188378,7502,351,False
2026-02-22,WesHammer,UCSDj6ttwzj2sr464jDdg_pA,egNxamtBDyA,The War For Rynn's World EXPLAINED! | Warhammer 40K Lore,2025-07-12T13:43:53Z,168002,6348,242,False
2026-02-22,WesHammer,UCSDj6ttwzj2sr464jDdg_pA,B6YYhPRIrpg,Jaghatai Khan & The Fall Of The Pale Emperor | Warhammer 40K Lore,2025-06-30T20:34:26Z,183727,8119,418,False
2026-02-22,WesHammer,UCSDj6ttwzj2sr464jDdg_pA,8COZLF8Aip0,The Most Controversial Book In The Horus Heresy EXPLAINED | Warhammer 40K Lore,2025-06-27T22:20:08Z,157149,6522,651,False
2026-02-22,WesHammer,UCSDj6ttwzj2sr464jDdg_pA,PUPp4O9BS2o,"Nurgle, The Chaos God Of Plagues - Deep Dive! | Warhammer 40K Lore",2025-06-21T22:39:58Z,584559,12378,937,False
2026-02-22,WesHammer,UCSDj6ttwzj2sr464jDdg_pA,N4gLc3XlBYU,"Alpha Primus, 40k's Most POWERFUL Space Marine | Warhammer 40K Lore",2025-05-01T01:05:22Z,424169,13066,940,False
2026-02-22,WesHammer,UCSDj6ttwzj2sr464jDdg_pA,FBj3ovY6c58,Why Are Space Marines So Rare? The Dark Truth | Warhammer 40K Lore,2025-04-22T13:00:25Z,674270,16679,1051,False
2026-02-22,WesHammer,UCSDj6ttwzj2sr464jDdg_pA,OW9-Wr6-oA8,The Heretic Saint's Return To The 40K Timeline EXPLAINED | Warhammer 40K Lore,2025-03-31T13:00:34Z,353145,9078,662,False
2026-02-22,WesHammer,UCSDj6ttwzj2sr464jDdg_pA,m-_7MmudYHg,"Ephrael Stern, The Most Powerful Sister Of Battle | Warhammer 40K Lore",2025-03-23T22:38:10Z,192720,8357,560,False
2026-02-22,WesHammer,UCSDj6ttwzj2sr464jDdg_pA,E_7hh3xIJXw,The Terminus Is HORRIFYING! - Grim Dark Story Hour | Warhammer 40K Lore,2025-03-15T22:33:58Z,311536,10790,741,False
2026-02-22,WesHammer,UCSDj6ttwzj2sr464jDdg_pA,JckEsjlUOjs,Why Is Everyone Freaking Out About The Eldar Retcon?  | Warhammer 40K Lore,2025-03-13T13:30:09Z,358819,13270,2218,False
2026-02-22,WesHammer,UCSDj6ttwzj2sr464jDdg_pA,7v1EqG6jJWo,There's Something BIG  Underneath The Universe | Warhammer 40K Lore,2025-02-28T14:45:00Z,643190,17421,1027,False
2026-02-22,WesHammer,UCSDj6ttwzj2sr464jDdg_pA,PqdDvMOJ8Ss,Leaked Doc Exposes The TRUTH About Souls And Gods. | Warhammer 40K Lore,2025-02-25T14:45:02Z,191449,8635,660,False
2026-02-22,WesHammer,UCSDj6ttwzj2sr464jDdg_pA,EQmKHTBLQ10,Were The Tau A Mistake? | Warhammer 40K Lore,2025-02-19T14:30:05Z,438663,17174,3878,False
2026-02-22,WesHammer,UCSDj6ttwzj2sr464jDdg_pA,pfstGKyJIRk,Slaanesh is An Absolute Mess | Warhammer 40K Lore,2024-12-31T14:27:36Z,412655,16393,2791,False
2026-02-22,WesHammer,UCSDj6ttwzj2sr464jDdg_pA,kIMVscbx-bo,Did Games Workshop Save The Necrons Or Ruin Them? | Warhammer 40K Lore,2024-12-26T14:45:02Z,644134,17845,2687,False
2026-02-22,WesHammer,UCSDj6ttwzj2sr464jDdg_pA,sjF8jpme5nk,What Would Happen If Each Faction Won? | Warhammer 40K Lore,2024-12-18T14:45:04Z,2071648,53958,3083,False
2026-02-22,WesHammer,UCSDj6ttwzj2sr464jDdg_pA,MPDK-7nOOEo,The 10 Most HATED Characters In Warhammer 40K.,2024-12-13T14:45:04Z,795092,20953,2714,False
2026-02-22,WesHammer,UCSDj6ttwzj2sr464jDdg_pA,w6-nHZjUSMo,The Imperium's DEADLY Halfling Snipers | Warhammer 40K Lore,2024-12-09T14:44:29Z,142615,5675,310,False
2026-02-22,WesHammer,UCSDj6ttwzj2sr464jDdg_pA,cnYem4vmMsA,What Happened After The Horus Heresy? | Warhammer 40K Lore,2024-11-30T14:45:05Z,786092,15647,712,False
2026-02-22,WesHammer,UCSDj6ttwzj2sr464jDdg_pA,-Gc1RJMhfpU,The DARK Reality Of Chaos Space Marine Obliterators | Warhammer 40K Lore,2024-11-26T15:00:00Z,405974,11312,582,False
2026-02-22,WesHammer,UCSDj6ttwzj2sr464jDdg_pA,gqgXke8xIw8,Fulgrim's Return EXPLAINED: What You NEED To Know! | Warhammer 40K Lore,2024-11-22T15:00:53Z,660420,18196,1455,False
2026-02-22,WesHammer,UCSDj6ttwzj2sr464jDdg_pA,am__NWyU2ws,What Happened To The Last Man Of Iron? | Warhammer 40K Lore,2024-11-19T14:45:00Z,554044,15207,577,False
2026-02-22,WesHammer,UCSDj6ttwzj2sr464jDdg_pA,864KYrldWlw,Men Of Iron Deep Dive - Mankind's First Enemy | Warhammer 40K Lore,2024-11-13T15:00:15Z,832999,17699,1176,False
2026-02-22,WesHammer,UCSDj6ttwzj2sr464jDdg_pA,1rSniGYRIKM,The Unique Horror Of Each Chaos Space Marine Legion | Warhammer 40K Lore,2024-10-31T21:27:51Z,982257,24622,1282,False
2026-02-22,WesHammer,UCSDj6ttwzj2sr464jDdg_pA,lq4cZHUFjIg,The SCARIEST 40K Story I've Ever Read. Pentimento. | Warhammer 40K Lore,2024-10-29T23:05:30Z,462261,14312,899,False
2026-02-22,WesHammer,UCSDj6ttwzj2sr464jDdg_pA,4U5BVpNcWRw,The Summons Of Shadows Is HORRIFYING! GDSH | Warhammer 40K Lore,2024-10-05T14:00:04Z,342968,11729,891,False
2026-02-22,WesHammer,UCSDj6ttwzj2sr464jDdg_pA,9Rk3tKBQWaY,The Lore Of Space Marine 2 EXPLAINED. What You Need To Know | Warhammer 40k,2024-09-30T13:30:10Z,1309347,20842,1044,False
2026-02-22,WesHammer,UCSDj6ttwzj2sr464jDdg_pA,bcYifxAuYgk,Ultramarines Faction Deep Dive! The Best Space Marines? | Warhammer 40K Lore,2024-09-19T14:00:38Z,1302554,18954,970,False
2026-02-22,WesHammer,UCSDj6ttwzj2sr464jDdg_pA,qtyJ1-3lFpM,Top 10 WORST Apocalypses In Warhammer 40K's Lore.,2024-08-31T14:00:48Z,1463847,30134,1271,False
2026-02-22,WesHammer,UCSDj6ttwzj2sr464jDdg_pA,8YjDo_PP_I0,40K's Most MYSTERIOUS Faction. The Ordo Chronos | Warhammer 40K Lore,2024-08-28T13:45:00Z,549082,13912,1037,False
2026-02-22,WesHammer,UCSDj6ttwzj2sr464jDdg_pA,m-2GChT2BBo,Officio Assassinorum Faction DEEP DIVE! | Warhammer 40K Lore,2024-08-21T13:30:25Z,765014,13925,668,False
2026-02-22,WesHammer,UCSDj6ttwzj2sr464jDdg_pA,OJpQl3qrPKI,Why Did The Emperor's Children Save An Imperial World?  | Warhammer 40K Lore,2024-08-12T21:28:39Z,783802,23654,1852,False
2026-02-22,WesHammer,UCSDj6ttwzj2sr464jDdg_pA,HLA7TjwrKdY,What Do The Orks Think Of Every Other Faction? | Warhammer 40K Lore,2024-08-04T19:40:37Z,2753208,77429,3730,False
2026-02-22,WesHammer,UCSDj6ttwzj2sr464jDdg_pA,nItc539mrLc,"Psykers & Chaos Sorcerers, What's The Difference?  | Warhammer 40K Lore",2024-07-21T18:41:20Z,239517,9559,505,False
2026-02-22,WesHammer,UCSDj6ttwzj2sr464jDdg_pA,wGVNlqI-5WQ,The Cryptos & Other CREEPY Mysteries | Warhammer 40K Lore,2024-07-18T17:14:20Z,564775,14311,791,False
2026-02-22,WesHammer,UCSDj6ttwzj2sr464jDdg_pA,MrqoiC2P4ZM,Chaos Demon Summoning: Everything You NEED To Know! | Warhammer 40K Lore,2024-07-12T15:53:26Z,252626,8996,654,False
2026-02-22,WesHammer,UCSDj6ttwzj2sr464jDdg_pA,rbgebDGeGPY,The Golden Throne's Death & The Drukhari Emperor | Warhammer 40K Lore,2024-07-09T13:30:34Z,507289,14302,1129,False
2026-02-22,Squidmar_Miniatures,UCDvZTWvHZPTxJ4K1yTD2a1g,9fvJBwFCCAs,Fixing the Worst eBay Warhammer Scams in 1 hour!,2026-02-20T15:15:00Z,66997,4154,230,False
2026-02-22,Squidmar_Miniatures,UCDvZTWvHZPTxJ4K1yTD2a1g,xEv5zF82Lgg,This unit took me 3 years to finish… making my dream Warhammer 40k unit!,2026-02-12T15:30:40Z,127257,9231,356,False
2026-02-22,Squidmar_Miniatures,UCDvZTWvHZPTxJ4K1yTD2a1g,2tMpPgKC7NQ,Mixing $400 Warhammer kits - to make a brand new 40k faction,2026-02-04T16:00:04Z,114361,9213,614,False
2026-02-22,Squidmar_Miniatures,UCDvZTWvHZPTxJ4K1yTD2a1g,N2AwHjvT1Ao,Games Workshop kept it secret for 40 years - Finally Exposed?,2026-01-30T15:15:02Z,114456,8372,302,False
2026-02-22,Squidmar_Miniatures,UCDvZTWvHZPTxJ4K1yTD2a1g,a46Bp1G4mIc,We Painted Warhammer Undercover on Fiverr - A One-Year Experiment,2026-01-26T15:00:01Z,276636,11170,304,False
2026-02-22,Squidmar_Miniatures,UCDvZTWvHZPTxJ4K1yTD2a1g,u3_p2pS1E2Q,These boxes haven’t been opened in 40 years -  Rarest Warhammer minis ever made,2026-01-18T16:59:11Z,177641,9468,570,False
2026-02-22,Squidmar_Miniatures,UCDvZTWvHZPTxJ4K1yTD2a1g,FElaLwM3GcA,Painting a Warhammer Army for a Kid After an Unimaginable Loss,2026-01-12T14:00:24Z,329626,27545,1392,False
2026-02-22,Squidmar_Miniatures,UCDvZTWvHZPTxJ4K1yTD2a1g,ElFSySkQKDM,The biggest Warhammer project we've ever done - Just started!,2026-01-07T14:00:31Z,214281,11766,665,False
2026-02-22,Squidmar_Miniatures,UCDvZTWvHZPTxJ4K1yTD2a1g,zzGQ6I5_guc,What I learned painting Warhammer for 24h with a World Champion,2025-12-26T15:02:02Z,126783,8463,222,False
2026-02-22,Squidmar_Miniatures,UCDvZTWvHZPTxJ4K1yTD2a1g,V9JIxxGk9CE,We asked the cheapest artists on Fiverr to paint our Warhammer - here's what we got!,2025-12-19T15:00:56Z,278312,9360,479,False
2026-02-22,Squidmar_Miniatures,UCDvZTWvHZPTxJ4K1yTD2a1g,svPEVaDbN4k,How to Get PERFECT Paint Consistency – Wet Palette Masterclass,2025-12-11T16:01:40Z,72785,3209,182,False
2026-02-22,Squidmar_Miniatures,UCDvZTWvHZPTxJ4K1yTD2a1g,5wEnZsjIA6c,I used a painting technique I've NEVER used before... and won a competition?!,2025-12-05T17:00:21Z,92026,7236,168,False
2026-02-22,Squidmar_Miniatures,UCDvZTWvHZPTxJ4K1yTD2a1g,H-XQP3yQH8w,I Tortured Myself Painting an Army in 24 Hours - Did i win best in show?!?,2025-11-30T15:00:30Z,109520,9062,252,False
2026-02-22,Squidmar_Miniatures,UCDvZTWvHZPTxJ4K1yTD2a1g,1ToBczFqeQ0,8 cheats for beginners - to speed up your Warhammer army painting!,2025-11-28T15:30:01Z,109805,5450,161,False
2026-02-22,Squidmar_Miniatures,UCDvZTWvHZPTxJ4K1yTD2a1g,G5vbDQaSEGQ,He Has Never Painted Before… Can He Win the World's Hardest competition?!,2025-11-21T15:30:16Z,99971,8934,327,False
2026-02-22,Squidmar_Miniatures,UCDvZTWvHZPTxJ4K1yTD2a1g,lWkzbPZLuT8,We traded a $1 Warhammer Gretchen for THREE Armies!,2025-11-17T15:01:34Z,107810,6443,135,False
2026-02-22,Squidmar_Miniatures,UCDvZTWvHZPTxJ4K1yTD2a1g,7PSsJ037OBI,400h later: My most insane Warhammer army is finally done,2025-11-07T16:30:06Z,229471,11545,326,False
2026-02-22,Squidmar_Miniatures,UCDvZTWvHZPTxJ4K1yTD2a1g,h8ZZDzfhbyc,The Pain Behind My Golden Demon Experience!,2025-10-29T15:01:33Z,250770,19682,915,False
2026-02-22,Squidmar_Miniatures,UCDvZTWvHZPTxJ4K1yTD2a1g,atosS-iA8qU,We Bought Warhammer From TikTok… It’s Worse Than You Think,2025-10-22T15:00:05Z,205049,9012,333,False
2026-02-22,Squidmar_Miniatures,UCDvZTWvHZPTxJ4K1yTD2a1g,ccFfR4kzKvs,I destroyed $340 Warhammer to create one 40k Knight!,2025-10-16T14:45:06Z,253698,15387,411,False
2026-02-22,Squidmar_Miniatures,UCDvZTWvHZPTxJ4K1yTD2a1g,xsc9-aAwXyM,This garage is the WORST unpainted Warhammer collection we've ever seen - we had to help!,2025-10-08T15:30:42Z,343974,21553,923,False
2026-02-22,Squidmar_Miniatures,UCDvZTWvHZPTxJ4K1yTD2a1g,ws_EZBrkWNw,Amateur Vs. Pro - Can $1000 beat one of the most legendary Warhammer Painters?,2025-10-01T15:30:39Z,197834,5632,294,False
2026-02-22,Squidmar_Miniatures,UCDvZTWvHZPTxJ4K1yTD2a1g,y-P6_YejL1k,We spent 200 hours on this Warhammer video – but we’ll never publish it,2025-09-23T14:30:51Z,118032,15695,351,False
2026-02-22,Squidmar_Miniatures,UCDvZTWvHZPTxJ4K1yTD2a1g,FB_1dUqTibE,We're gonna trade from a $1 goblin to a $50k Space Marine chapter!,2025-09-15T15:00:33Z,101004,8343,281,False
2026-02-22,Squidmar_Miniatures,UCDvZTWvHZPTxJ4K1yTD2a1g,wiaiSftR2Bg,Gunpla – Does It Make Us Quit Warhammer Painting?,2025-09-05T15:01:48Z,268076,11574,1543,False
2026-02-22,Squidmar_Miniatures,UCDvZTWvHZPTxJ4K1yTD2a1g,RshknRdET-k,Is it possible to complete a Warhammer Knight in a DAY??! - No Airbrush,2025-08-29T15:00:53Z,253542,12014,323,False
2026-02-22,Squidmar_Miniatures,UCDvZTWvHZPTxJ4K1yTD2a1g,ksMSoy38v6g,I stayed up 24 hours to paint my FIRST ever Warhammer 40k army,2025-08-21T15:01:17Z,328477,11389,462,False
2026-02-22,Squidmar_Miniatures,UCDvZTWvHZPTxJ4K1yTD2a1g,qqSBFZRxxmM,GW don’t know how to paint Space Wolves – Let’s fix an army,2025-08-15T15:01:33Z,307252,13830,582,False
2026-02-22,Squidmar_Miniatures,UCDvZTWvHZPTxJ4K1yTD2a1g,jqe3Bjx8TmU,Who did it best? Games Workshop VS. 3D Print - Eldar Edition,2025-08-06T16:01:28Z,96871,3533,409,False
2026-02-22,Squidmar_Miniatures,UCDvZTWvHZPTxJ4K1yTD2a1g,X7sLcbpiD7k,I ordered 12 Warhammer scams from Germany,2025-07-28T14:00:53Z,129099,5108,397,False
2026-02-22,Squidmar_Miniatures,UCDvZTWvHZPTxJ4K1yTD2a1g,B3GEbSsFaKs,Professional Painting Secrets - Squidmar Dragon Masterclass,2025-07-18T15:06:57Z,108625,4220,151,False
2026-02-22,Squidmar_Miniatures,UCDvZTWvHZPTxJ4K1yTD2a1g,m6ydKgfoC-U,He's collected Warhammer for 40 years and has ZERO painted armies! - We had to help,2025-07-10T15:01:23Z,386687,11795,673,False
2026-02-22,Squidmar_Miniatures,UCDvZTWvHZPTxJ4K1yTD2a1g,0RVQOGxb0Ks,Fatal mistakes Warhammer painters make that keeps them from improving,2025-07-02T16:00:02Z,93796,4034,164,False
2026-02-22,Squidmar_Miniatures,UCDvZTWvHZPTxJ4K1yTD2a1g,EoHjUbNaYDc,We ordered 12 scams from Taiwan's nr.1 Warhammer competitor,2025-06-26T15:01:49Z,134050,4768,351,False
2026-02-22,Squidmar_Miniatures,UCDvZTWvHZPTxJ4K1yTD2a1g,wDkwaudSmM4,"Did you know, Space marines are WHAT?!",2025-06-18T15:01:39Z,127112,1661,119,False
2026-02-22,Squidmar_Miniatures,UCDvZTWvHZPTxJ4K1yTD2a1g,I29cFQhug7M,Is this $29 proxy better than the official Warhammer model?,2025-06-18T14:00:31Z,186548,5115,560,False
2026-02-22,Squidmar_Miniatures,UCDvZTWvHZPTxJ4K1yTD2a1g,DRqUWtnXEXA,I painted a Warhammer army in 24h straight AGAIN - and won best in show?!,2025-06-11T14:00:17Z,276021,14030,495,False
2026-02-22,Squidmar_Miniatures,UCDvZTWvHZPTxJ4K1yTD2a1g,u3q8kFIe-vo,We asked Warhammer painters on Fiverr to paint our minis - it costs how much now!?,2025-06-04T16:01:34Z,249461,6803,385,False
2026-02-22,Squidmar_Miniatures,UCDvZTWvHZPTxJ4K1yTD2a1g,RX7ToVQRxHI,Two artists - 72 hour Warhammer conversion challenge,2025-05-28T14:00:40Z,190898,7559,488,False
2026-02-22,Squidmar_Miniatures,UCDvZTWvHZPTxJ4K1yTD2a1g,92uMWZZAfHY,We opened a Warhammer store - and lost how much money?!,2025-05-21T16:00:17Z,215797,8023,417,False
2026-02-22,Squidmar_Miniatures,UCDvZTWvHZPTxJ4K1yTD2a1g,xeeRB64T_k0,Is it a Warhammer Scam? ep.3 - Nightworks Magnification Glasses  #miniature #warhammer #warhammer40k,2025-05-12T15:01:35Z,45839,1383,34,False
2026-02-22,Squidmar_Miniatures,UCDvZTWvHZPTxJ4K1yTD2a1g,z8gKH-TH6_k,"We ordered 15 Warhammer Scams from China's ""Games Workshop""",2025-05-09T14:01:33Z,356878,9392,624,False
2026-02-22,Squidmar_Miniatures,UCDvZTWvHZPTxJ4K1yTD2a1g,k0lkas9gAPA,Is it a Warhammer Scam? ep.2 - Green Stuff World Airbrush  #miniature #miniaturepainter #warhammer,2025-05-07T15:01:24Z,54543,1005,36,False
2026-02-22,Squidmar_Miniatures,UCDvZTWvHZPTxJ4K1yTD2a1g,hZ0ltX6I42o,Is it a Warhammer Scam ep1 #miniaturepainter #miniature #dungeonsanddragons #warhammer #warhammer40k,2025-05-02T14:18:59Z,58305,1220,41,False
2026-02-22,Squidmar_Miniatures,UCDvZTWvHZPTxJ4K1yTD2a1g,oTi3RJbLRqQ,Slapchop: the ultimate painting technique - and why I don’t recommend it,2025-05-01T16:01:19Z,229608,8206,669,False
2026-02-22,Squidmar_Miniatures,UCDvZTWvHZPTxJ4K1yTD2a1g,daUM-28gBSc,He has more Space Marines than a Warhammer store - We had to help!,2025-04-23T15:01:12Z,325241,10933,493,False
2026-02-22,Squidmar_Miniatures,UCDvZTWvHZPTxJ4K1yTD2a1g,_wUyehmXkfs,How GW’s Biggest Rival Makes Miniatures – Full Factory Tour,2025-04-14T17:30:15Z,290110,14648,667,False
2026-02-22,Squidmar_Miniatures,UCDvZTWvHZPTxJ4K1yTD2a1g,SqEKdl2djFw,we coached this noob for 3 months - and he won best in show?!,2025-04-09T16:00:41Z,260341,24373,486,False
2026-02-22,Squidmar_Miniatures,UCDvZTWvHZPTxJ4K1yTD2a1g,EuXCcrhJHtY,We Built a Giant Warhammer Ork Ship for 100 Hours... Then It Instantly Broke :'(,2025-04-02T15:00:31Z,130743,15198,413,False
2026-02-22,Squidmar_Miniatures,UCDvZTWvHZPTxJ4K1yTD2a1g,DR4GNSbNk6w,We ordered 10 Warhammer SCAMS from Etsy - this was bonkers,2025-03-27T16:00:13Z,321918,21267,949,False
2026-02-22,Majorkill,UC_wb8IVtmXwil8bN3IdVtZw,kYzuYAFoMk4,Huge Update On The Remembrancer Demonetisation Situation,2026-02-20T13:01:25Z,44576,4592,334,False
2026-02-22,Majorkill,UC_wb8IVtmXwil8bN3IdVtZw,FG9JqP_3k_U,Tyberos The Red Wake Is Finally Becoming a Primaris Marine!,2026-02-18T14:46:57Z,145577,8683,618,False
2026-02-22,Majorkill,UC_wb8IVtmXwil8bN3IdVtZw,qaWYymDZZSU,The Isstvan Dropsite Massacre EXPLAINED By An Australian | Warhammer 40k Lore,2026-02-17T14:05:29Z,66572,4751,169,False
2026-02-22,Majorkill,UC_wb8IVtmXwil8bN3IdVtZw,arfVXL-CDVA,5 Incredible Chapter Masters You've Never Heard Of | Warhammer 40k Lore,2026-02-13T12:58:27Z,78311,5122,210,False
2026-02-22,Majorkill,UC_wb8IVtmXwil8bN3IdVtZw,L0zuCMXuDz0,The True Horror Of The Deep Warp EXPLAINED | Warhammer 40k Lore,2026-02-10T15:12:55Z,139244,8387,453,False
2026-02-22,Majorkill,UC_wb8IVtmXwil8bN3IdVtZw,dUBGKfMWYFE,The Risen EXPLAINED By An Australian | Warhammer 40k Lore,2026-02-06T15:17:34Z,81422,5083,198,False
2026-02-22,Majorkill,UC_wb8IVtmXwil8bN3IdVtZw,JeiTxnBKtyk,All 4 Tyrannic Wars EXPLAINED By An Australian | Warhammer 40k Lore,2026-02-04T14:37:12Z,69439,4579,199,False
2026-02-22,Majorkill,UC_wb8IVtmXwil8bN3IdVtZw,9sL8ql7AsSE,Kheradruakh - The Decapitator EXPLAINED By An Australian | Warhammer 40k Lore,2026-01-30T14:11:07Z,122376,6433,308,False
2026-02-22,Majorkill,UC_wb8IVtmXwil8bN3IdVtZw,XLb0SZi0_24,The Horus Heresy From The Emperor's Perspective | Warhammer 40k Lore,2026-01-29T14:15:29Z,90439,5621,357,False
2026-02-22,Majorkill,UC_wb8IVtmXwil8bN3IdVtZw,jp6tTDuu_os,Why Are The Black Templars Insane? #majorkill #warhammer40k,2026-01-28T13:01:33Z,554302,31142,456,False
2026-02-22,Majorkill,UC_wb8IVtmXwil8bN3IdVtZw,4n2WUC-Wy_0,What If Cadia Never Fell? | Warhammer 40k Lore,2026-01-27T13:43:05Z,57192,3736,179,False
2026-02-22,Majorkill,UC_wb8IVtmXwil8bN3IdVtZw,XX-BMF8gdRQ,What's Up With Those Metal Spikey Devices On Power Packs? #majorkill #warhammer40k,2026-01-26T14:05:01Z,507636,25148,250,False
2026-02-22,Majorkill,UC_wb8IVtmXwil8bN3IdVtZw,mBoQjCsdkuI,5 Of The Best Space Shark Moments in Warhammer 40k Lore,2026-01-23T16:37:43Z,126201,8144,557,False
2026-02-22,Majorkill,UC_wb8IVtmXwil8bN3IdVtZw,TGPkn-8LFw4,The Destroyer Plague - A Fate Worse than Death #majorkill #warhammer40k,2026-01-22T14:55:46Z,262853,11331,109,False
2026-02-22,Majorkill,UC_wb8IVtmXwil8bN3IdVtZw,aMfYx8nCtcA,My Thoughts On The New Custodian Guard Models...,2026-01-19T15:00:15Z,122710,9178,2601,False
2026-02-22,Majorkill,UC_wb8IVtmXwil8bN3IdVtZw,Ul9ZtiUlius,Giving Away a WARLORD TITAN LIVE!,2026-01-18T14:43:10Z,4951,265,24,False
2026-02-22,Majorkill,UC_wb8IVtmXwil8bN3IdVtZw,cXjr-ApXMW0,Giving Away a WARLORD TITAN LIVE!,2026-01-18T14:29:00Z,0,0,0,False
2026-02-22,Majorkill,UC_wb8IVtmXwil8bN3IdVtZw,jvXmhgY-KTE,What Happened To The Founders Of The Grey Knights? | Warhammer 40k Lore,2026-01-16T15:40:15Z,69587,4309,139,False
2026-02-22,Majorkill,UC_wb8IVtmXwil8bN3IdVtZw,sg3AUvvKpgE,The Warhammer Subreddit REALLY Hates Me....,2026-01-15T14:49:09Z,128336,10378,1880,False
2026-02-22,Majorkill,UC_wb8IVtmXwil8bN3IdVtZw,QuwLurbDxL8,Which Faction Is Currently The Most Powerful? | Warhammer 40k Lore,2026-01-13T14:40:29Z,113102,6062,357,False
2026-02-22,Majorkill,UC_wb8IVtmXwil8bN3IdVtZw,HA0ZUa8WoLk,Do The White Scars Have Any Successor Chapters? | Warhammer 40k Lore,2026-01-09T14:50:46Z,60766,4170,252,False
2026-02-22,Majorkill,UC_wb8IVtmXwil8bN3IdVtZw,cshtDOzG8Yo,It's Time To Take A Step Back,2026-01-08T12:23:27Z,174119,10984,549,False
2026-02-22,Majorkill,UC_wb8IVtmXwil8bN3IdVtZw,k_f77csuzM4,What Happened To The Legion Masters? | Warhammer 40k Lore,2026-01-07T14:12:09Z,88915,5291,218,False
2026-02-22,Majorkill,UC_wb8IVtmXwil8bN3IdVtZw,3hI2sO2Y12A,Something Terrible Just Happened To The Warhammer 40k Lore Community...,2026-01-05T12:29:00Z,336217,26793,2142,False
2026-02-22,Majorkill,UC_wb8IVtmXwil8bN3IdVtZw,neTCzWbAzoc,Can The Tyranids Eat The Chaos Gods? | Warhammer 40k Lore,2025-12-31T16:25:11Z,86318,4870,292,False
2026-02-22,Majorkill,UC_wb8IVtmXwil8bN3IdVtZw,j8cmY3P1JVg,What Has Leman Russ Been Doing? | Warhammer 40k Lore,2025-12-30T15:10:42Z,101800,5780,395,False
2026-02-22,Majorkill,UC_wb8IVtmXwil8bN3IdVtZw,_09zxK553VU,Why Is Warhammer 40k Lore So Complicated?,2025-12-23T15:37:56Z,61312,4758,1059,False
2026-02-22,Majorkill,UC_wb8IVtmXwil8bN3IdVtZw,tCS4Ev0tQ4w,Top 10 Most Heroic Guardsmen | Warhammer 40k Lore,2025-12-18T14:53:06Z,58640,3908,250,False
2026-02-22,Majorkill,UC_wb8IVtmXwil8bN3IdVtZw,UqucoXxFzQ0,The 12 Best Moments In Warhammer 40k Lore,2025-12-16T13:57:26Z,80269,4539,232,False
2026-02-22,Majorkill,UC_wb8IVtmXwil8bN3IdVtZw,3a_GZw_03bA,My Thoughts On Total War Warhammer 40k...,2025-12-15T13:34:33Z,163137,8165,1258,False
2026-02-22,Majorkill,UC_wb8IVtmXwil8bN3IdVtZw,amCKbDJC_Dc,Every Time The Eldar Have Tried To Kill Slaanesh | Warhammer 40k Lore,2025-12-11T14:07:15Z,94309,5294,313,False
2026-02-22,Majorkill,UC_wb8IVtmXwil8bN3IdVtZw,7M8WWv9nxQE,What Imperial “Compliance” Actually Means for a Planet | Warhammer 40k Lore,2025-12-08T14:00:12Z,68042,4450,261,False
2026-02-22,Majorkill,UC_wb8IVtmXwil8bN3IdVtZw,Q1VliC2XXqk,The Horrifying Time The Astronomican Went Dark | Warhammer 40k Lore,2025-12-05T15:59:11Z,70651,4333,179,False
2026-02-22,Majorkill,UC_wb8IVtmXwil8bN3IdVtZw,kFC8q1U-QJI,Are The Salamanders Actually Nice? | Warhammer 40k Lore,2025-12-03T13:37:58Z,85744,5945,339,False
2026-02-22,Majorkill,UC_wb8IVtmXwil8bN3IdVtZw,rGFda48MPiI,Astorath The Grim EXPLAINED By An Australian | Warhammer 40k Lore,2025-12-02T13:04:47Z,65720,4410,180,False
2026-02-22,Majorkill,UC_wb8IVtmXwil8bN3IdVtZw,_pShpjzrWAY,I Entered Every Division At A Jiu Jitsu Tournament...,2025-12-01T13:39:44Z,26942,2434,323,False
2026-02-22,Majorkill,UC_wb8IVtmXwil8bN3IdVtZw,ZIywWN5IGwU,What Was Each Space Marine Legion's Weakness/Flaw? | Warhammer 40k Lore,2025-11-28T17:37:25Z,122559,6433,259,False
2026-02-22,Majorkill,UC_wb8IVtmXwil8bN3IdVtZw,ISFG3E6B74k,Is The Emperor Actually A God? | Warhammer 40k Lore,2025-11-27T13:40:46Z,97243,5600,427,False
2026-02-22,Majorkill,UC_wb8IVtmXwil8bN3IdVtZw,FyLqBL-nMvM,Giving Away The Limited Edition 1/6 Abaddon Statue LIVE,2025-11-27T01:46:30Z,3166,132,10,False
2026-02-22,Majorkill,UC_wb8IVtmXwil8bN3IdVtZw,NVyNkUNEkBE,Every Time The Inquisition Did The Right Thing | Warhammer 40k Lore,2025-11-23T13:00:46Z,77068,4887,222,False
2026-02-22,Majorkill,UC_wb8IVtmXwil8bN3IdVtZw,fC0pT5htT3w,Demetrian Titus EXPLAINED By An Australian | Warhammer 40k Lore,2025-11-21T14:31:14Z,156198,8158,581,False
2026-02-22,Majorkill,UC_wb8IVtmXwil8bN3IdVtZw,tj31KQif7bc,Could Sanguinius Have Actually Beaten Horus? | Warhammer 40k Lore,2025-11-20T13:16:23Z,72726,4646,354,False
2026-02-22,Majorkill,UC_wb8IVtmXwil8bN3IdVtZw,VU-QnFanTzY,The Phalanx EXPLAINED By An Australian | Warhammer 40k Lore,2025-11-18T13:46:40Z,101000,6082,270,False
2026-02-22,Majorkill,UC_wb8IVtmXwil8bN3IdVtZw,vdlqv4neLrE,The Fall of Cadia EXPLAINED | Warhammer 40k Lore,2025-11-17T13:54:17Z,143825,7547,369,False
2026-02-22,Majorkill,UC_wb8IVtmXwil8bN3IdVtZw,WCx1QgX-vfA,What If Every Primarch Returned? | Warhammer 40k Lore,2025-11-14T18:51:31Z,111532,5906,313,False
2026-02-22,Majorkill,UC_wb8IVtmXwil8bN3IdVtZw,Xp1Ii7-KgsQ,What If Sanguinius Was Chosen As Warmaster? | Warhammer 40k Lore,2025-11-12T14:19:15Z,66731,4242,301,False
2026-02-22,Majorkill,UC_wb8IVtmXwil8bN3IdVtZw,HMoorYZfz_s,Why Is The Mechanicus Obsessed With The Necrons? #majorkill #warhammer40k,2025-11-11T13:00:41Z,310634,14579,190,False
2026-02-22,Majorkill,UC_wb8IVtmXwil8bN3IdVtZw,8EG7BIyVoDM,Is Alpharius Actually Dead? | Warhammer 40k Lore,2025-11-10T13:56:52Z,64719,4329,415,False
2026-02-22,Majorkill,UC_wb8IVtmXwil8bN3IdVtZw,DjVUx2G_TEM,The Origins Of The Necrons EXPLAINED By An Australian | Warhammer 40k Lore,2025-11-07T13:57:22Z,58855,4042,233,False
2026-02-22,Majorkill,UC_wb8IVtmXwil8bN3IdVtZw,ucr6LFl7Dp0,Do Servitors Maintain Their Consciousness? | Warhammer 40k Lore,2025-11-03T13:50:57Z,75451,4716,277,False
2026-02-22,Auspex_Tactics,UC6Gco9PWxmJmJ5CqfbChuiQ,bZk2RH-MJVc,The 11th Edition Launch Box - are the Rough Contents Known ALREADY? Let's take a look at the Rumours,2026-02-22T08:00:40Z,83579,2729,446,False
2026-02-22,Auspex_Tactics,UC6Gco9PWxmJmJ5CqfbChuiQ,kxt4dogAlCA,"Alpha Legion Model Release Confirmed, World Eaters Daemons, Kaptin Badrukk Returns, Events and More",2026-02-21T18:31:07Z,47984,1332,304,False
2026-02-22,Auspex_Tactics,UC6Gco9PWxmJmJ5CqfbChuiQ,t9mI_kb_I50,Best Horus Heresy Kits for Use in 40K? Which Look Good or Save Money?,2026-02-20T23:30:20Z,39582,1375,247,False
2026-02-22,Auspex_Tactics,UC6Gco9PWxmJmJ5CqfbChuiQ,muIK1BtxkHk,Rating Every Army's Power in Warhammer 40K - Tier List of Every Army in 30 Minutes,2026-02-20T06:30:23Z,59205,1621,229,False
2026-02-22,Auspex_Tactics,UC6Gco9PWxmJmJ5CqfbChuiQ,TD25D6dCTXU,Was This Warhammer 40K's WORST Expansion?,2026-02-19T11:00:55Z,36633,982,143,False
2026-02-22,Auspex_Tactics,UC6Gco9PWxmJmJ5CqfbChuiQ,CbR_lm0Ug_k,"The Next Warhammer 40K Balance Dataslate - What Needs to Happen? Predictions, Wishlist + Speculation",2026-02-18T18:30:19Z,44832,1235,454,False
2026-02-22,Auspex_Tactics,UC6Gco9PWxmJmJ5CqfbChuiQ,lZok3sp46sc,Ten Weird and Wild Character Builds from the Crucible of Champions,2026-02-18T00:06:42Z,76816,2425,435,False
2026-02-22,Auspex_Tactics,UC6Gco9PWxmJmJ5CqfbChuiQ,TvFEugrPvF4,Building One TERMINATOR ARMY for Eight Warhammer 40K Factions,2026-02-17T07:00:18Z,40313,1384,213,False
2026-02-22,Auspex_Tactics,UC6Gco9PWxmJmJ5CqfbChuiQ,tnErO4tOTig,"Warhammer 40K Model REVEALS - Admech Heavy Infantry, New Tech Priest and Big Reveal Next Week?",2026-02-16T17:20:00Z,37925,1539,239,False
2026-02-22,Auspex_Tactics,UC6Gco9PWxmJmJ5CqfbChuiQ,Y6EWgBU48Os,Which Space Marine Chapter to Choose in Warhammer 40K?,2026-02-16T02:41:32Z,34764,1178,241,False
2026-02-22,Auspex_Tactics,UC6Gco9PWxmJmJ5CqfbChuiQ,uXj6KR3LQP4,Top 10 Worst Things in Warhammer 40K 10th Edition? What Rules Needs to Change for 11th,2026-02-15T09:01:13Z,65393,2031,929,False
2026-02-22,Auspex_Tactics,UC6Gco9PWxmJmJ5CqfbChuiQ,2OfbM9UFsjQ,Repulsor Executioner - a Top Tier Space Marine Battle Tank? Unit Review in 2026,2026-02-14T16:32:58Z,23329,839,190,False
2026-02-22,Auspex_Tactics,UC6Gco9PWxmJmJ5CqfbChuiQ,QfSgZc8w7M4,How to Build CUSTOM CHARACTERS for Warhammer 40K with the New Crucible of Champions Supplement,2026-02-13T20:43:52Z,83993,2966,563,False
2026-02-22,Auspex_Tactics,UC6Gco9PWxmJmJ5CqfbChuiQ,SEpARnfyVos,Twelve Strongest Units in Warhammer 40K? Best Datasheets in the Game!,2026-02-13T07:00:32Z,46901,1094,121,False
2026-02-22,Auspex_Tactics,UC6Gco9PWxmJmJ5CqfbChuiQ,GKmT6im5b14,Thirteen Warhammer 40K Models we Basically KNOW Are Coming,2026-02-12T19:30:04Z,72023,2131,341,False
2026-02-22,Auspex_Tactics,UC6Gco9PWxmJmJ5CqfbChuiQ,SQBXdzMFGjE,The Big Warhammer 40K Rules Update - Chaos Space Marines + Aeldari Detachments and Units,2026-02-12T00:38:30Z,27901,814,131,False
2026-02-22,Auspex_Tactics,UC6Gco9PWxmJmJ5CqfbChuiQ,oXwdZmFG-18,"The Big Warhammer 40K Rules Update! Guard Nerfed but C'Tan Unchanged, New Orks + More - Part 1",2026-02-11T16:07:34Z,85773,2255,434,False
2026-02-22,Auspex_Tactics,UC6Gco9PWxmJmJ5CqfbChuiQ,rhVNvFz1bKo,What is BROKEN in Warhammer 40K?,2026-02-11T07:00:43Z,47016,1714,89,False
2026-02-22,Auspex_Tactics,UC6Gco9PWxmJmJ5CqfbChuiQ,fpQ0g9lINlI,"Aeldari Corsairs Datasheets Reviewed - Prince Yriel, Skyreavers, Starfang + Kharseth",2026-02-10T18:15:04Z,18060,675,129,False
2026-02-22,Auspex_Tactics,UC6Gco9PWxmJmJ5CqfbChuiQ,9HBRAt-Pbic,Red Corsairs Raiders + Reave-Captain - Datasheet Review and Power on the Tabletop!,2026-02-10T09:00:11Z,30453,1028,148,False
2026-02-22,Auspex_Tactics,UC6Gco9PWxmJmJ5CqfbChuiQ,JWGR7b3hq_4,40K Gets New Custom-Character Creation Rules? Crucible of Champions Preview + Problems it Addresses,2026-02-10T02:00:30Z,80383,3152,504,False
2026-02-22,Auspex_Tactics,UC6Gco9PWxmJmJ5CqfbChuiQ,8B2Z92rNX1Q,New Defiler REVEALED - Daemon Engine Unveiled for Warhammer 40K!,2026-02-09T18:21:52Z,65955,2670,580,False
2026-02-22,Auspex_Tactics,UC6Gco9PWxmJmJ5CqfbChuiQ,1t0CoKU_Mt4,Big Warhammer 40K Release Week - The Maelstrom is HERE - Prices and Releases Reviewed,2026-02-09T01:58:50Z,42193,1275,175,False
2026-02-22,Auspex_Tactics,UC6Gco9PWxmJmJ5CqfbChuiQ,4QW9WroSnRQ,The Two 'Secret' Space Marine Character Datasheets? A Warhammer 40K Rules Oddity!,2026-02-08T05:00:09Z,35375,1069,77,False
2026-02-22,Auspex_Tactics,UC6Gco9PWxmJmJ5CqfbChuiQ,gXP5mnYs8lc,One Big 40K Tactic That You Should Know...,2026-02-07T14:00:59Z,28625,996,95,False
2026-02-22,Auspex_Tactics,UC6Gco9PWxmJmJ5CqfbChuiQ,s-ceek2bo_o,Every Space Marine Infantry Unit Ranked - Best Squads in the Codex in 2026?,2026-02-06T18:06:10Z,50206,1623,238,False
2026-02-22,Auspex_Tactics,UC6Gco9PWxmJmJ5CqfbChuiQ,3xQauGB3rog,Eight Strongest Detachments in Warhammer 40K by Win Rates? Which are On Top?,2026-02-05T19:38:55Z,35717,837,86,False
2026-02-22,Auspex_Tactics,UC6Gco9PWxmJmJ5CqfbChuiQ,gUzoCizKY0Q,Big Terminator Army Giveaway - Auspex Tactics Channel Update for February!,2026-02-05T02:15:08Z,22246,1313,123,False
2026-02-22,Auspex_Tactics,UC6Gco9PWxmJmJ5CqfbChuiQ,aqL34ZwLZkY,The New Warhammer 40K Miniature Wave - What Do These Models Mean for their Armies?,2026-02-04T19:00:01Z,49635,1380,211,False
2026-02-22,Auspex_Tactics,UC6Gco9PWxmJmJ5CqfbChuiQ,JsrGJjUlsd0,"11th Edition Preview Show Times (Maybe!), Guard Power Fist, Battleforce Releases and More - 40K News",2026-02-04T01:12:13Z,49620,1434,204,False
2026-02-22,Auspex_Tactics,UC6Gco9PWxmJmJ5CqfbChuiQ,SGL4VMoBbDI,Astra Militarum Winning Big? Seven Strong Imperial Guard Army Lists,2026-02-03T08:00:27Z,24584,781,205,False
2026-02-22,Auspex_Tactics,UC6Gco9PWxmJmJ5CqfbChuiQ,7a9yydtULe0,New Mutilators Unveiled for Chaos Space Marines!,2026-02-02T17:15:18Z,48429,1863,422,False
2026-02-22,Auspex_Tactics,UC6Gco9PWxmJmJ5CqfbChuiQ,Uq2F_4k5hTk,Big 40K Teasers and New Lore Snippets - The Lion + Guilliman and Other Primarch Lore Teasers!,2026-02-01T21:00:26Z,61084,1866,173,False
2026-02-22,Auspex_Tactics,UC6Gco9PWxmJmJ5CqfbChuiQ,hrff0d78rIs,Black Templars Top Ten Strongest Datasheets? Top Choices for the Faction Right Now!,2026-02-01T03:01:02Z,15889,688,89,False
2026-02-22,Auspex_Tactics,UC6Gco9PWxmJmJ5CqfbChuiQ,DCafPNyCIio,"The New Warhammer 40K Discount Set Wave - Which are GOOD, BAD or MID?",2026-01-31T03:16:24Z,46153,1232,194,False
2026-02-22,Auspex_Tactics,UC6Gco9PWxmJmJ5CqfbChuiQ,pOZW5YaYxA0,New 40K Rules Drop! Huron Blackheart and Masters of the Maelstrom Do What in Game?,2026-01-30T16:20:19Z,42980,1398,260,False
2026-02-22,Auspex_Tactics,UC6Gco9PWxmJmJ5CqfbChuiQ,-SLSLfHVisw,"How to Beat C'Tan in Warhammer 40K - Some Tips, Tricks and Counters",2026-01-29T23:16:55Z,27314,800,261,False
2026-02-22,Auspex_Tactics,UC6Gco9PWxmJmJ5CqfbChuiQ,rw6ckg8LiRo,Rating the SIX Returned 40K Primarchs - Which are WEAK or STRONG?,2026-01-29T08:01:04Z,52764,1345,236,False
2026-02-22,Auspex_Tactics,UC6Gco9PWxmJmJ5CqfbChuiQ,qEnire960T8,Space Wolves Reveals COMING SOON? Will we Get Russ? One Big Teaser I'd Missed!,2026-01-28T19:30:12Z,37818,1359,234,False
2026-02-22,Auspex_Tactics,UC6Gco9PWxmJmJ5CqfbChuiQ,mB-YrOD5v9k,Every Warhammer 40K Army's Tournament Win Statistics - Who's Best in 10th Edition in 2026?,2026-01-28T02:04:18Z,87342,1892,405,False
2026-02-22,Auspex_Tactics,UC6Gco9PWxmJmJ5CqfbChuiQ,zOo4gysTE90,"Salamanders are Bringing the heat in Warhammer 40K! Faction Overview, Units and Top Army Lists",2026-01-27T07:01:01Z,30363,1305,125,False
2026-02-22,Auspex_Tactics,UC6Gco9PWxmJmJ5CqfbChuiQ,wERBOn6dp44,Warhammer 40K Pricing is WEIRD Sometimes - One Unusual Deal for Titus and a Glossy Book... #40k,2026-01-27T01:01:11Z,62310,2280,90,False
2026-02-22,Auspex_Tactics,UC6Gco9PWxmJmJ5CqfbChuiQ,umN4Rj-2RcA,Iron Warriors REVEALS - What Have GW Unveiled?,2026-01-26T16:33:43Z,76759,2652,352,False
2026-02-22,Auspex_Tactics,UC6Gco9PWxmJmJ5CqfbChuiQ,6vdQ6U1zS6Y,Chaos Battleforces This Week - Prices Confirmed and Incoming Reveals!,2026-01-26T06:00:07Z,40580,1209,148,False
2026-02-22,Auspex_Tactics,UC6Gco9PWxmJmJ5CqfbChuiQ,aB_73ER_qZE,"Warhammer 40K Lore Moves Forward! Titus vs Necrons, Dragon Admech, Destroyer Plague + 500 Worlds",2026-01-25T19:36:01Z,52717,1761,247,False
2026-02-22,Auspex_Tactics,UC6Gco9PWxmJmJ5CqfbChuiQ,PVvzta3Oi3U,The Units GW Hates in 10th Edition? Why No Help?,2026-01-25T06:00:23Z,33650,1079,299,False
2026-02-22,Auspex_Tactics,UC6Gco9PWxmJmJ5CqfbChuiQ,NZRXTvXCsmw,How to Start a Blood Ravens Army for Warhammer 40K Tabletop - Ideas to Start Collecting!,2026-01-24T13:00:43Z,16341,683,128,False
2026-02-22,Auspex_Tactics,UC6Gco9PWxmJmJ5CqfbChuiQ,vQ_0sM6Y5DQ,What's on My 11th Edition Bingo Card? Predictions and Hopes for Upcoming 40K!,2026-01-23T22:27:06Z,62669,2117,473,False
2026-02-22,Auspex_Tactics,UC6Gco9PWxmJmJ5CqfbChuiQ,rWcS_tonJvs,Every Space Marine Vehicle Unit Ranked - Best Tanks and Dreadnoughts in the Codex in 2026?,2026-01-22T22:32:20Z,47891,1373,151,False
2026-02-22,Auspex_Tactics,UC6Gco9PWxmJmJ5CqfbChuiQ,Gp4h3rNd7OM,Top Ten Strongest Thousand Sons Units - Best Codex Datasheets in 2026?,2026-01-22T03:30:20Z,21370,687,111,False
2026-02-22,Midwinter_Minis,UC9XTzwex6rGLVUGS9cLKFLw,BpiB8mNEMF4,I'm not sure I'll ever buy a plastic terrain kit again,2026-02-08T09:20:07Z,63595,4733,396,False
2026-02-22,Midwinter_Minis,UC9XTzwex6rGLVUGS9cLKFLw,_TSuQyb0cKE,We Played Warhammer at 4× Scale with GIANT Imperial Knights,2026-01-28T12:00:06Z,47802,3397,231,False
2026-02-22,Midwinter_Minis,UC9XTzwex6rGLVUGS9cLKFLw,OfsiLiSE944,Addressing the leak,2026-01-17T22:24:20Z,103186,4727,416,False
2026-02-22,Midwinter_Minis,UC9XTzwex6rGLVUGS9cLKFLw,TICfIQaDCQ0,This Warhammer army took 66 hours. Here’s what I earned...,2026-01-17T14:02:00Z,90121,6143,356,False
2026-02-22,Midwinter_Minis,UC9XTzwex6rGLVUGS9cLKFLw,-Mr2JC8Lyqs,you're painting fur wrong,2025-12-27T22:50:54Z,301280,12861,156,False
2026-02-22,Midwinter_Minis,UC9XTzwex6rGLVUGS9cLKFLw,_PhrtKy_UvI,I figured out the easy way paint 90s style Space Wolves,2025-12-20T18:01:18Z,45757,3756,255,False
2026-02-22,Midwinter_Minis,UC9XTzwex6rGLVUGS9cLKFLw,TkM9z1JRpuQ,Warhammer World Hot Wings Challenge: light work,2025-12-15T14:49:37Z,25227,602,27,False
2026-02-22,Midwinter_Minis,UC9XTzwex6rGLVUGS9cLKFLw,aQaNzF6Pv30,social media in December 2025,2025-12-14T11:16:25Z,21384,594,35,False
2026-02-22,Midwinter_Minis,UC9XTzwex6rGLVUGS9cLKFLw,5PCOa4rkQJg,I want to be buried with this book,2025-12-12T17:48:53Z,15438,372,3,False
2026-02-22,Midwinter_Minis,UC9XTzwex6rGLVUGS9cLKFLw,Ro0Zcx0_Hx0,literally the bible for terrain builders,2025-12-12T17:48:09Z,26508,1187,13,False
2026-02-22,Midwinter_Minis,UC9XTzwex6rGLVUGS9cLKFLw,H4C9BSL47l4,is he the greatest miniature painter of all time?,2025-12-12T17:46:09Z,19908,637,4,False
2026-02-22,Midwinter_Minis,UC9XTzwex6rGLVUGS9cLKFLw,rCQmlpzIlD4,Warhammer 40k: The Ultimate Guide,2025-12-12T17:40:39Z,17899,398,4,False
2026-02-22,Midwinter_Minis,UC9XTzwex6rGLVUGS9cLKFLw,uxHGeNTIok4,how the modern wargaming industry started,2025-12-12T17:37:57Z,7264,117,0,False
2026-02-22,Midwinter_Minis,UC9XTzwex6rGLVUGS9cLKFLw,PVgi2cMUmOE,this wargaming book is 110 years old,2025-12-12T17:34:01Z,4605,107,0,False
2026-02-22,Midwinter_Minis,UC9XTzwex6rGLVUGS9cLKFLw,8CfN5CC-y9E,the origins of grimdark,2025-12-12T17:29:54Z,4236,124,1,False
2026-02-22,Midwinter_Minis,UC9XTzwex6rGLVUGS9cLKFLw,glw8f9Qu0Y8,every top minipainter swears by this book,2025-12-12T17:29:01Z,4468,189,1,False
2026-02-22,Midwinter_Minis,UC9XTzwex6rGLVUGS9cLKFLw,_AeudzHL_-A,a colour palette book for minipainters?,2025-12-12T17:23:06Z,4321,194,5,False
2026-02-22,Midwinter_Minis,UC9XTzwex6rGLVUGS9cLKFLw,-H633eRnphM,the perfect gift for nerdy hobbyists,2025-12-12T17:17:50Z,3462,130,1,False
2026-02-22,Midwinter_Minis,UC9XTzwex6rGLVUGS9cLKFLw,tgGXtxkZw8E,Thank you!,2025-12-12T12:30:20Z,9716,311,5,False
2026-02-22,Midwinter_Minis,UC9XTzwex6rGLVUGS9cLKFLw,aL5V6nCrf2A,What a crazy Ork haul,2025-12-08T12:41:28Z,9731,264,2,False
2026-02-22,Midwinter_Minis,UC9XTzwex6rGLVUGS9cLKFLw,dmGDPvjlTNs,the Ork boss GW wish they made,2025-12-08T12:40:21Z,24740,795,8,False
2026-02-22,Midwinter_Minis,UC9XTzwex6rGLVUGS9cLKFLw,R0_AqBBNL_8,Let's open some Ork mystery boxes,2025-12-08T12:38:51Z,19854,454,5,False
2026-02-22,Midwinter_Minis,UC9XTzwex6rGLVUGS9cLKFLw,LvnHK-e_D3o,Are these NSFW Orks allowed?!,2025-12-08T12:37:27Z,8930,364,21,False
2026-02-22,Midwinter_Minis,UC9XTzwex6rGLVUGS9cLKFLw,d4o5YMIF3lQ,wtf are Ork Stormcrows?!,2025-12-08T12:36:49Z,14931,395,2,False
2026-02-22,Midwinter_Minis,UC9XTzwex6rGLVUGS9cLKFLw,4A8XUHAM8aI,They don't need more Warhammer! Get them these books instead...,2025-12-05T12:52:51Z,47504,3635,148,False
2026-02-22,Midwinter_Minis,UC9XTzwex6rGLVUGS9cLKFLw,0TYxqqq1Ic4,Finishing the retro Ork Dread of my dreams,2025-11-27T13:49:20Z,15797,402,3,False
2026-02-22,Midwinter_Minis,UC9XTzwex6rGLVUGS9cLKFLw,bSLo2fU8VnA,Trying to match my paint job to this retro Warhammer relic,2025-11-27T13:36:05Z,13166,364,2,False
2026-02-22,Midwinter_Minis,UC9XTzwex6rGLVUGS9cLKFLw,iEfxtNJkSEw,90s Warhammer paint job with modern paints?,2025-11-27T13:32:23Z,29248,742,10,False
2026-02-22,Midwinter_Minis,UC9XTzwex6rGLVUGS9cLKFLw,BF6Ga5I96wc,"wtf is ""Da FLAT Deffdread""?!",2025-11-27T13:25:20Z,16839,582,7,False
2026-02-22,Midwinter_Minis,UC9XTzwex6rGLVUGS9cLKFLw,ST3jnY8hVxU,How to paint the cardboard Ork Dreadnought (not a joke),2025-11-27T13:23:01Z,21377,719,13,False
2026-02-22,Midwinter_Minis,UC9XTzwex6rGLVUGS9cLKFLw,9nBrRFUj4YY,This ridiculous WOODEN Ork Titan took a month to build,2025-11-26T22:09:07Z,86972,5851,383,False
2026-02-22,Midwinter_Minis,UC9XTzwex6rGLVUGS9cLKFLw,hZavOI-9jGI,Unboxing the biggest Warhammer action figure,2025-11-09T16:54:53Z,48854,4372,528,False
2026-02-22,Midwinter_Minis,UC9XTzwex6rGLVUGS9cLKFLw,4SGNZ1LKbTA,Aren't they missing some armour?,2025-11-05T10:43:43Z,28949,1017,28,False
2026-02-22,Midwinter_Minis,UC9XTzwex6rGLVUGS9cLKFLw,WGhsxgM3ycY,They might be smutty but they fit in with Warhammer,2025-11-05T10:41:41Z,41188,1693,44,False
2026-02-22,Midwinter_Minis,UC9XTzwex6rGLVUGS9cLKFLw,9bxZYXzQX5U,Basecoating some surprisingly naughty guard,2025-11-05T10:39:51Z,32338,1435,13,False
2026-02-22,Midwinter_Minis,UC9XTzwex6rGLVUGS9cLKFLw,AS38mywoG6A,"Fine, I'll paint them",2025-11-05T10:37:33Z,28134,942,11,False
2026-02-22,Midwinter_Minis,UC9XTzwex6rGLVUGS9cLKFLw,4h3FMOxye5I,Driving 700 miles to reunite the rarest Warhammer model with its owner,2025-10-28T00:52:18Z,34488,2037,23,False
2026-02-22,Midwinter_Minis,UC9XTzwex6rGLVUGS9cLKFLw,lgSEe9f_caE,Secret magnetic cannons?!,2025-10-28T00:50:30Z,46710,2966,24,False
2026-02-22,Midwinter_Minis,UC9XTzwex6rGLVUGS9cLKFLw,iL63pY8LpSQ,"The Gargant's almost finished, we just need to add...",2025-10-28T00:48:59Z,22973,1656,6,False
2026-02-22,Midwinter_Minis,UC9XTzwex6rGLVUGS9cLKFLw,Px6vG09EQrM,Repainting one of the rarest Warhammer models ever made,2025-10-28T00:47:27Z,28910,1454,8,False
2026-02-22,Midwinter_Minis,UC9XTzwex6rGLVUGS9cLKFLw,yWDT52-DrZo,Priming black would be too boring,2025-10-28T00:46:20Z,21363,1064,9,False
2026-02-22,Midwinter_Minis,UC9XTzwex6rGLVUGS9cLKFLw,xpmvEHfFh94,Restoring a 35 year old Warhammer model to its former glory,2025-10-28T00:44:12Z,27000,1087,21,False
2026-02-22,Midwinter_Minis,UC9XTzwex6rGLVUGS9cLKFLw,MntL9UNNbsQ,Why is the rarest Warhammer model in the world IN MY CAR?!,2025-10-28T00:42:35Z,40825,2225,25,False
2026-02-22,Midwinter_Minis,UC9XTzwex6rGLVUGS9cLKFLw,iGdEGHm7clI,This place has HALF A MILLION retro Warhammer models,2025-10-28T00:40:18Z,18394,916,8,False
2026-02-22,Midwinter_Minis,UC9XTzwex6rGLVUGS9cLKFLw,S9DmTyJctoQ,Making my dream paint set,2025-10-28T00:38:52Z,9972,644,5,False
2026-02-22,Midwinter_Minis,UC9XTzwex6rGLVUGS9cLKFLw,TFm3cpD1EHk,It's impossible to find an Armorcast Gargant... unless,2025-10-28T00:36:05Z,42418,1243,13,False
2026-02-22,Midwinter_Minis,UC9XTzwex6rGLVUGS9cLKFLw,nVcrFMfnyyc,Channel update: my a** exploded / Henry Cavill batrep / where's Hatty? / YouTube is brainwashing you,2025-10-25T11:55:35Z,101760,8864,1137,False
2026-02-22,Midwinter_Minis,UC9XTzwex6rGLVUGS9cLKFLw,2UTrZzdEkTk,Retro painting: Cardboard Ork Dreadnought (1993),2025-10-16T10:47:35Z,88060,6018,357,False
2026-02-22,Midwinter_Minis,UC9XTzwex6rGLVUGS9cLKFLw,FwDbSFoGL7M,This 35 year old Warhammer model cost more than my car,2025-10-03T16:55:34Z,503471,23265,944,False
2026-02-22,Midwinter_Minis,UC9XTzwex6rGLVUGS9cLKFLw,yssSEQSroy8,We made a giant GIANT Warhammer Nurgle Daemon from scratch (FULL BUILD VIDEO),2025-09-24T09:58:14Z,57614,2789,247,False
2026-02-22,Painting_Phase,UCjw4ZC1GqBHOKWOYpRD-spg,9yK0WLvL5Ag,A champion of Warhammer artists! Dave Taylor,2025-07-06T15:32:29Z,5864,221,57,False
2026-02-22,Painting_Phase,UCjw4ZC1GqBHOKWOYpRD-spg,n46JTuaUz_s,Are We Spoiled Collecting Space Marines?,2025-06-12T14:52:11Z,6615,225,49,False
2026-02-22,Painting_Phase,UCjw4ZC1GqBHOKWOYpRD-spg,x3saOcz7y4g,New Space Wolves are INSANE!,2025-05-09T15:59:18Z,7318,279,42,False
2026-02-22,Painting_Phase,UCjw4ZC1GqBHOKWOYpRD-spg,SUmQYx11qrU,The Very First Golden Demon,2025-03-31T15:17:18Z,4982,238,55,False
2026-02-22,Painting_Phase,UCjw4ZC1GqBHOKWOYpRD-spg,rid7ufGBZow,The Most important Painting Lesson you Didn't know You Needed,2025-03-21T15:05:31Z,16751,680,107,False
2026-02-22,Painting_Phase,UCjw4ZC1GqBHOKWOYpRD-spg,hXgjFNQ4xM4,"Bad Habits, Tom Cruise, and Controversial Paints?!",2025-03-11T16:35:17Z,5761,280,75,False
2026-02-22,Painting_Phase,UCjw4ZC1GqBHOKWOYpRD-spg,BYkrh9DBk78,Where some of the BEST lore actually comes from,2025-02-27T16:25:22Z,5805,230,41,False
2026-02-22,Painting_Phase,UCjw4ZC1GqBHOKWOYpRD-spg,74Kuo48edb0,The best way to improve your painting? Raptor Kill Team,2025-02-21T14:54:41Z,5496,340,20,False
2026-02-22,Painting_Phase,UCjw4ZC1GqBHOKWOYpRD-spg,7LaDtOFtH0Q,Astartes 2 but not really?,2025-02-11T14:01:33Z,5495,250,47,False
2026-02-22,Painting_Phase,UCjw4ZC1GqBHOKWOYpRD-spg,Z8kwxutxCjQ,"Learning to paint faces, 10 methods tried!",2025-01-30T15:47:08Z,5017,306,36,False
2026-02-22,Painting_Phase,UCjw4ZC1GqBHOKWOYpRD-spg,zKyszP1uNS4,It's actually the best WARHAMMER release in Ages!,2025-01-28T15:24:07Z,7219,260,55,False
2026-02-22,Painting_Phase,UCjw4ZC1GqBHOKWOYpRD-spg,4dhrVNKQqF0,Naughty NAUGHTY Forgeworld!,2025-01-21T19:36:14Z,5048,264,29,False
2026-02-22,Painting_Phase,UCjw4ZC1GqBHOKWOYpRD-spg,gU9NQ0P8aZE,The BEST and WORST TACTICAL ROCKS OF 2024!,2024-12-24T10:38:40Z,6744,297,69,False
2026-02-22,Painting_Phase,UCjw4ZC1GqBHOKWOYpRD-spg,xCSM5XpVoW0,Painting The Pack (fallout factions),2024-12-06T15:51:11Z,10068,294,4,False
2026-02-22,Painting_Phase,UCjw4ZC1GqBHOKWOYpRD-spg,yUy5zkHMIjw,Painting Fallout: Factions (the operators),2024-12-06T15:50:04Z,9165,293,4,False
2026-02-22,Painting_Phase,UCjw4ZC1GqBHOKWOYpRD-spg,e0XUH4MUzFs,painting a starter set in 12 hours?,2024-12-06T15:04:29Z,4770,275,32,False
2026-02-22,Painting_Phase,UCjw4ZC1GqBHOKWOYpRD-spg,C8K-uFOTK3U,Some great 40K models! Finally! And the Future of 3D printing,2024-12-04T17:06:23Z,6480,235,24,False
2026-02-22,Painting_Phase,UCjw4ZC1GqBHOKWOYpRD-spg,2GGQ6ynGZCM,Will you get your favorite Warhammer for CHRISTMAS?!,2024-11-25T15:31:29Z,6537,260,66,False
2026-02-22,Painting_Phase,UCjw4ZC1GqBHOKWOYpRD-spg,oJF0kCtwseI,Geoff's airbrushing NIGHTMARE!,2024-11-18T15:33:37Z,5659,252,66,False
2026-02-22,Painting_Phase,UCjw4ZC1GqBHOKWOYpRD-spg,IXmEBsiG-Gw,How to run a FLGS and Build a Great Community!,2024-11-04T16:15:30Z,4469,185,23,False
2026-02-22,Painting_Phase,UCjw4ZC1GqBHOKWOYpRD-spg,s4Kiqx7FnAI,You HAVE to Play SPACE MARINE VR!,2024-11-01T16:13:39Z,5678,176,12,False
2026-02-22,Painting_Phase,UCjw4ZC1GqBHOKWOYpRD-spg,y3nYqEVzlEc,Does Golden Demon need to Change? Kill team & New GW Paints?,2024-10-28T15:23:21Z,6707,291,65,False
2026-02-22,Painting_Phase,UCjw4ZC1GqBHOKWOYpRD-spg,ZPbZG-GzQsw,Golden Demon Was Awesome,2024-10-21T16:36:13Z,5553,243,52,False
2026-02-22,Painting_Phase,UCjw4ZC1GqBHOKWOYpRD-spg,f0EG4qlI1Ck,Is Warhammer more expensive than LEGO?,2024-10-15T15:52:30Z,5675,229,60,False
2026-02-22,Painting_Phase,UCjw4ZC1GqBHOKWOYpRD-spg,NIw5xzgQGm4,Is Space Marine 2 the BEST Warhammer Game? + More Kill Team Chat,2024-09-27T16:09:28Z,5467,239,58,False
2026-02-22,Painting_Phase,UCjw4ZC1GqBHOKWOYpRD-spg,sNhduYbcGTE,New Kill Team & Space Marine 2!,2024-09-16T14:42:26Z,7370,314,72,False
2026-02-22,Painting_Phase,UCjw4ZC1GqBHOKWOYpRD-spg,40qLceZkMOQ,How Warhammer Monopoly should always end!,2024-09-14T09:26:19Z,7309,352,9,False
2026-02-22,Painting_Phase,UCjw4ZC1GqBHOKWOYpRD-spg,dfCfcNdLRqw,Warhammer Monopoly is brutal #warhammer,2024-09-13T13:13:29Z,7640,274,5,False
2026-02-22,Painting_Phase,UCjw4ZC1GqBHOKWOYpRD-spg,3wdcqXwl5m4,We play WARHAMMER MONOPOLY so you don't have to!,2024-09-13T13:06:58Z,3592,187,30,False
2026-02-22,Painting_Phase,UCjw4ZC1GqBHOKWOYpRD-spg,wOm0EEirxGE,"Roadmaps, no Nipples, and New (CHEAP?!) Board Games!",2024-09-09T15:03:28Z,5375,259,55,False
2026-02-22,Painting_Phase,UCjw4ZC1GqBHOKWOYpRD-spg,90e0vB-RnHw,Are More Expensive Hobby Tools BETTER? Airbrushing my first army pt.2,2024-08-31T12:40:38Z,7086,412,71,False
2026-02-22,Painting_Phase,UCjw4ZC1GqBHOKWOYpRD-spg,5Q3ADrqWwU0,Is the Miniature Paint Market too SATURATED? New P3 Paint Range!,2024-08-22T16:12:59Z,12382,357,96,False
2026-02-22,Painting_Phase,UCjw4ZC1GqBHOKWOYpRD-spg,PnAErJPB-pk,"Steamforged Games: Past, Present, & Future!",2024-08-19T14:00:19Z,4595,205,22,False
2026-02-22,Painting_Phase,UCjw4ZC1GqBHOKWOYpRD-spg,q1jj-6vXTiI,panel liner or oil paints?! I can't decide. #warhammer,2024-08-14T20:22:00Z,13020,347,7,False
2026-02-22,Painting_Phase,UCjw4ZC1GqBHOKWOYpRD-spg,1HCcmVCnw4c,Airbrushing My First Army & Making it Needlessly Hard,2024-08-14T14:00:02Z,17216,884,155,False
2026-02-22,Painting_Phase,UCjw4ZC1GqBHOKWOYpRD-spg,lYvV7TOB4i4,How are you SUPPOSED to get into 40K?,2024-07-31T15:19:44Z,9971,336,127,False
2026-02-22,Painting_Phase,UCjw4ZC1GqBHOKWOYpRD-spg,WnkKICmZfDI,Which Miniature Paint Range is the BEST?!,2024-07-23T15:28:24Z,10580,387,157,False
2026-02-22,Painting_Phase,UCjw4ZC1GqBHOKWOYpRD-spg,0JJ8ZfFkGik,"Video Games, Plans, & Useless Paintbrushes",2024-07-18T14:58:10Z,6080,248,59,False
2026-02-22,Painting_Phase,UCjw4ZC1GqBHOKWOYpRD-spg,pRlC5OO8vDM,black tempars are the template for future chapters?,2024-07-18T14:46:54Z,9433,212,10,False
2026-02-22,Painting_Phase,UCjw4ZC1GqBHOKWOYpRD-spg,xhRtyfhyP0I,Grimdark Death Guard  #warhammer40k,2024-07-09T15:03:52Z,541647,26588,262,False
2026-02-22,Painting_Phase,UCjw4ZC1GqBHOKWOYpRD-spg,fijp1tIwjAo,"What the most ""Cheaty"" way to Paint Miniatures?",2024-07-08T16:03:09Z,11331,456,106,False
2026-02-22,Painting_Phase,UCjw4ZC1GqBHOKWOYpRD-spg,gXphqhTnxrc,Villainy Inks review: Better than Streaking Grime?,2024-07-04T13:34:36Z,36544,1284,120,False
2026-02-22,Painting_Phase,UCjw4ZC1GqBHOKWOYpRD-spg,uoR_OpyVqcQ,"Primaris tanks, yes or no?",2024-07-03T15:18:46Z,5347,89,8,False
2026-02-22,Painting_Phase,UCjw4ZC1GqBHOKWOYpRD-spg,KM9Uvlm8jA4,Missing Character in Warhammer 40K vehicles,2024-06-27T10:15:25Z,8286,207,14,False
2026-02-22,Painting_Phase,UCjw4ZC1GqBHOKWOYpRD-spg,vFSALyWckYY,Which Era of Space Marines is the Best?,2024-06-26T16:30:06Z,9505,421,154,False
2026-02-22,Painting_Phase,UCjw4ZC1GqBHOKWOYpRD-spg,EZ-P6p-mgAQ,Using Stencils to Paint a Tank!,2024-06-26T10:25:55Z,11064,359,3,False
2026-02-22,Painting_Phase,UCjw4ZC1GqBHOKWOYpRD-spg,z6Hc-Gz6Reo,Are Stencils Worth it for Mini Painting? #warhammer,2024-06-25T11:57:55Z,22798,572,18,False
2026-02-22,Painting_Phase,UCjw4ZC1GqBHOKWOYpRD-spg,FxtoOMe5qh0,Apothecarys are awesome when you're 8 years old!,2024-06-20T09:41:41Z,11885,337,4,False
2026-02-22,Painting_Phase,UCjw4ZC1GqBHOKWOYpRD-spg,a-qwqk0jbLY,"The UK Games Expo, where was Warhammer?",2024-06-19T16:09:22Z,8263,331,80,False
2026-02-22,Painting_Phase,UCjw4ZC1GqBHOKWOYpRD-spg,x3vgIbxNvQQ,The Hobby Product Nobody Talks About?,2024-06-14T15:05:29Z,17984,753,33,False
2026-02-22,Honest_Wargamer,UC0HeZRfHuwNDPVBhpQq0-1Q,bZ7O94-9kQk,Why 5000 Gamers FLOOD This Convention Every Year?,2025-04-09T14:06:15Z,12031,1168,267,False
2026-02-22,Honest_Wargamer,UC0HeZRfHuwNDPVBhpQq0-1Q,iFvVIaxTEt4,Simplify Your Strategy And Win!,2025-01-30T08:54:27Z,1414,53,4,False
2026-02-22,Honest_Wargamer,UC0HeZRfHuwNDPVBhpQq0-1Q,RDQ59M4DprI,Why are some armies better than others?,2025-01-29T08:01:26Z,1246,37,2,False
2026-02-22,Honest_Wargamer,UC0HeZRfHuwNDPVBhpQq0-1Q,3vLgHF_tIO8,Stormcast Eternals Tier List: Top Warhammer Players,2025-01-28T19:38:33Z,2965,54,1,False
2026-02-22,Honest_Wargamer,UC0HeZRfHuwNDPVBhpQq0-1Q,Du4O5DePokU,Guide to Generals Handbook 2024 for Age of Sigmar 4,2024-06-16T17:45:02Z,13747,750,68,False
2026-02-22,Honest_Wargamer,UC0HeZRfHuwNDPVBhpQq0-1Q,dIOfMAULuOQ,Beginners Guide to building an Army List in Age of Sigmar 4,2024-06-14T17:00:07Z,54510,2189,134,False
2026-02-22,Honest_Wargamer,UC0HeZRfHuwNDPVBhpQq0-1Q,hgbFNGrbJJY,Age of Sigmar Strategy Guide: Become a Pro at Screening and Zoning,2023-09-28T19:00:09Z,37347,2105,238,False
2026-02-22,Honest_Wargamer,UC0HeZRfHuwNDPVBhpQq0-1Q,CKBHgpxXlFs,How to Play Warhammer 40k 10th Edition for Beginners - No Static,2023-05-28T11:44:07Z,165489,4901,285,False
2026-02-22,Honest_Wargamer,UC0HeZRfHuwNDPVBhpQq0-1Q,85_Q9f_WQME,Ossiarch Bonereaper Castle: Age of Sigmar Army Masterclass,2023-05-17T18:00:03Z,16666,639,123,False
2026-02-22,Honest_Wargamer,UC0HeZRfHuwNDPVBhpQq0-1Q,qq1BicOS3d4,A Beginner's Guide to Age of Sigmar,2023-04-12T10:16:48Z,94611,4320,389,False
2026-02-22,Honest_Wargamer,UC0HeZRfHuwNDPVBhpQq0-1Q,QPTHSHku4eA,Unveiling the 10 BEST Sharpshooters in Age of Sigmar: The Ultimate Guide,2023-03-24T22:00:07Z,9419,511,83,False
2026-02-22,Honest_Wargamer,UC0HeZRfHuwNDPVBhpQq0-1Q,q3BN4BCYEe8,Battletome Blades of Khorne 2023 - Full Review,2023-03-21T01:02:49Z,25785,690,175,False
2026-02-22,Honest_Wargamer,UC0HeZRfHuwNDPVBhpQq0-1Q,lyC19uzw2lw,Battletome Hedonites of Slaanesh 2023 - Full Review,2023-03-16T22:57:30Z,30161,781,130,False
2026-02-22,Honest_Wargamer,UC0HeZRfHuwNDPVBhpQq0-1Q,-Wd2JE5ki6U,Will AGE OF SIGMAR Survive Miniac's TRASH Test?,2023-03-10T15:30:11Z,47878,2576,774,False
2026-02-22,Honest_Wargamer,UC0HeZRfHuwNDPVBhpQq0-1Q,lDoSWw_EXoE,Battletome Kharadron Overlords 2023 - Full Review,2023-03-01T18:53:00Z,21553,574,93,False
2026-02-22,Honest_Wargamer,UC0HeZRfHuwNDPVBhpQq0-1Q,gZRzr4BKCNM,"Uncovering the Secret Strategies of Age of Sigmar: Revealing Army Types, Unit Roles and Tempo!",2023-02-24T11:03:41Z,30777,1792,250,False
2026-02-22,Honest_Wargamer,UC0HeZRfHuwNDPVBhpQq0-1Q,uywndgW85wc,Stormcast Eternals Bunker Buster: Age of Sigmar Army Masterclass,2023-02-09T21:22:25Z,17207,851,177,False
2026-02-22,Honest_Wargamer,UC0HeZRfHuwNDPVBhpQq0-1Q,6q0yqxAf61g,Lumineth Realmlords Castle: Age of Sigmar Army Masterclass,2023-01-22T13:50:43Z,25669,1616,404,False
2026-02-22,Honest_Wargamer,UC0HeZRfHuwNDPVBhpQq0-1Q,y1jbDgvJ9JI,Sylvaneth & Lumineth Realms Lords ARE the armies to beat in 2023,2023-01-17T09:56:56Z,10863,203,63,False
2026-02-22,Honest_Wargamer,UC0HeZRfHuwNDPVBhpQq0-1Q,c4NNvXkqUK0,Age of Sigmar January Battlescroll - Big changes for armies!,2023-01-12T13:46:02Z,10767,412,131,False
2026-02-22,Honest_Wargamer,UC0HeZRfHuwNDPVBhpQq0-1Q,APEBR4k5aBA,HONEST WARGAMER CHANNEL UPDATE 2023: Here's What We're Up To,2023-01-10T19:51:59Z,5523,510,121,False
2026-02-22,Honest_Wargamer,UC0HeZRfHuwNDPVBhpQq0-1Q,JlUWp664QqQ,Age of Sigmar: GENERALS HANDBOOK 2023 SEASON 2: Full Guide and Review!,2023-01-02T17:57:15Z,23211,915,218,False
2026-02-22,Honest_Wargamer,UC0HeZRfHuwNDPVBhpQq0-1Q,ccVVqyFoPR4,Generals Handbook 2023: A First Look at the New Age of Sigmar,2022-12-21T18:41:03Z,8573,266,100,False
2026-02-22,Honest_Wargamer,UC0HeZRfHuwNDPVBhpQq0-1Q,OThU6eIFJkM,Soulblight Gravelords Smash Everwinter in Age of Sigmar Stats Centre!,2022-12-20T13:46:24Z,5566,154,28,False
2026-02-22,Honest_Wargamer,UC0HeZRfHuwNDPVBhpQq0-1Q,x0gD7GVPobc,Army Books: Are They Really Worth The Money?,2022-12-09T09:00:36Z,4249,128,59,False
2026-02-22,Honest_Wargamer,UC0HeZRfHuwNDPVBhpQq0-1Q,A6KbL85ZMDk,The Feared and the Loathed: A Guide to the Best Fighting Hero's in Age of Sigmar,2022-12-07T18:38:25Z,5387,120,21,False
2026-02-22,Honest_Wargamer,UC0HeZRfHuwNDPVBhpQq0-1Q,zrl6PoKAcEs,Age of Sigmar Stats Centre - SIX STORMDRAKE GUARD?,2022-11-30T09:00:24Z,4384,115,15,False
2026-02-22,Honest_Wargamer,UC0HeZRfHuwNDPVBhpQq0-1Q,HjTVNltHLbE,New Models for Necromunda: What Do We Think?,2022-11-29T21:21:00Z,1593,80,4,False
2026-02-22,Honest_Wargamer,UC0HeZRfHuwNDPVBhpQq0-1Q,cvBF6A2gsWI,Age of Sigmar Stats Centre: A Week of Crazy Lists,2022-11-28T16:47:56Z,4914,147,23,False
2026-02-22,Honest_Wargamer,UC0HeZRfHuwNDPVBhpQq0-1Q,_hsSH39UyvY,Games Workshop Announces New Gloomspite Gitz and Beasts of Chaos minis,2022-11-25T09:00:21Z,4928,153,33,False
2026-02-22,Honest_Wargamer,UC0HeZRfHuwNDPVBhpQq0-1Q,Tr4wm5NeGhw,Adding Narrative To Tournament Games: The Best of Both Worlds?,2022-11-24T16:08:17Z,1747,94,20,False
2026-02-22,Honest_Wargamer,UC0HeZRfHuwNDPVBhpQq0-1Q,VUunOk_fo8k,Age of Sigmar: Stats Centre with A LOT of Dragons!,2022-11-20T09:00:15Z,4409,124,18,False
2026-02-22,Honest_Wargamer,UC0HeZRfHuwNDPVBhpQq0-1Q,I7sObB2aVJ0,Are Ogor Mawtribes Gnoblars the strongest unit in Age of Sigmar?,2022-11-19T09:00:10Z,4367,123,49,False
2026-02-22,Honest_Wargamer,UC0HeZRfHuwNDPVBhpQq0-1Q,Wm-yIDlMDp4,New Ogor Mawtribes book with 4 Ironblasters,2022-11-13T21:27:37Z,13286,244,8,False
2026-02-22,Honest_Wargamer,UC0HeZRfHuwNDPVBhpQq0-1Q,tJZ4voE-kuA,Slapchop a brand new Troggboss for Gloomspite Gitz,2022-11-13T09:00:24Z,4077,127,26,False
2026-02-22,Honest_Wargamer,UC0HeZRfHuwNDPVBhpQq0-1Q,iV3EDIn8dQE,Necrofunday - Creating the Chats Gang. Is it easy?,2022-11-12T09:00:21Z,1440,48,12,False
2026-02-22,Honest_Wargamer,UC0HeZRfHuwNDPVBhpQq0-1Q,lx-IQj670wE,Is the Best Coast pairing site the NEW social site for Wargaming?,2022-11-11T15:07:09Z,1632,46,6,False
2026-02-22,Honest_Wargamer,UC0HeZRfHuwNDPVBhpQq0-1Q,CdItUp8_GUE,Age of Sigmar Stats: Here's How Good Each Army Will Be in 2022,2022-11-10T09:00:06Z,7055,203,36,False
2026-02-22,Honest_Wargamer,UC0HeZRfHuwNDPVBhpQq0-1Q,1JdDvkhGNvw,Age of Sigmar News: New Battleboxes and Battletomes!,2022-11-09T09:00:01Z,4990,138,24,False
2026-02-22,Honest_Wargamer,UC0HeZRfHuwNDPVBhpQq0-1Q,9INL7Jif1S4,Slapchop - The Ultimate Guide to Painting Disciples of Tzeentch Spells,2022-11-08T09:00:07Z,4924,176,30,False
2026-02-22,Honest_Wargamer,UC0HeZRfHuwNDPVBhpQq0-1Q,Ntplu_JrQOE,Necrofunday - Starting Necromunda with the chat and becoming wierdos,2022-11-06T09:00:15Z,2052,84,21,False
2026-02-22,Honest_Wargamer,UC0HeZRfHuwNDPVBhpQq0-1Q,X02kJ2oL4_c,How to Paint an Awesome Ogor Tyrant and Butcher with Slapchop,2022-11-05T13:42:18Z,6138,153,27,False
2026-02-22,Honest_Wargamer,UC0HeZRfHuwNDPVBhpQq0-1Q,86BNIj9SrWs,Slaves to Darkness 2022 Review: Cultists and Endless Spells are the missing link for this army,2022-11-04T17:54:32Z,10174,272,25,False
2026-02-22,Honest_Wargamer,UC0HeZRfHuwNDPVBhpQq0-1Q,a-RKOHb5Q2A,SLAVES TO DARKNESS 2022 - Battletome REVIEW - Chaos Warriors will never die!,2022-11-03T21:41:49Z,27069,659,118,False
2026-02-22,Honest_Wargamer,UC0HeZRfHuwNDPVBhpQq0-1Q,YpC2ctJuHEQ,The Hype For Ogors and Slaves to Darkness Battletomes is Going Crazy,2022-11-02T08:00:13Z,4524,126,22,False
2026-02-22,Honest_Wargamer,UC0HeZRfHuwNDPVBhpQq0-1Q,ZUvnmjErogI,Age of Sigmar Stats Centre - Stoneguard and Avelenor Enter the Tounament Scene,2022-11-01T16:01:10Z,3588,111,21,False
2026-02-22,Honest_Wargamer,UC0HeZRfHuwNDPVBhpQq0-1Q,h6Lv0pJ7klA,Age of Sigmar October 2022 Battlescroll Update: THE WHOLE GAME HAS CHANGED,2022-10-28T12:17:30Z,6772,371,97,False
2026-02-22,Honest_Wargamer,UC0HeZRfHuwNDPVBhpQq0-1Q,67aNLmK0UZU,Age of Sigmar Stats Centre: Incarnates and Fyreslayers,2022-10-24T08:00:02Z,4787,148,22,False
2026-02-22,Honest_Wargamer,UC0HeZRfHuwNDPVBhpQq0-1Q,Pb2t2w0ie0E,The Slapchop Cinematic Universe: How It's Affected Me Emotionally,2022-10-23T18:53:10Z,29648,2378,646,False
2026-02-22,Honest_Wargamer,UC0HeZRfHuwNDPVBhpQq0-1Q,aYtMZjR1YVI,Beat the Gargants with Gargants and also Skarbrand,2022-10-11T15:39:13Z,4469,159,37,False
2026-02-22,Element_Games,UCbNDGnwIkoNl2rBzUKNaVVg,wJMMp8ax5b0,"Universe Mode, But The nWo OWN 50% of WWE",2026-02-17T22:01:00Z,9176,476,51,False
2026-02-22,Element_Games,UCbNDGnwIkoNl2rBzUKNaVVg,oXIxxbWIBvE,"Universe Mode, But it's WWF vs NWO 2001",2026-02-11T21:00:58Z,20148,677,59,False
2026-02-22,Element_Games,UCbNDGnwIkoNl2rBzUKNaVVg,Xk4Ou6rp2Qg,What if WWE Bought TNA in 2008?,2026-01-27T20:00:33Z,30792,1007,99,False
2026-02-22,Element_Games,UCbNDGnwIkoNl2rBzUKNaVVg,8Tjody3y--A,WWE 2K26 Roster Legends 2K Ignored For Years,2026-01-22T18:00:07Z,23204,613,176,False
2026-02-22,Element_Games,UCbNDGnwIkoNl2rBzUKNaVVg,VRqyYfLe_Vs,Mr Mexico Unmasks at WWE vs AAA TripleMania,2026-01-19T18:24:14Z,8086,285,8,False
2026-02-22,Element_Games,UCbNDGnwIkoNl2rBzUKNaVVg,4sBjvYccSyY,What if WWE Bought Lucha Underground in 2016?,2026-01-06T22:15:00Z,23387,870,89,False
2026-02-22,Element_Games,UCbNDGnwIkoNl2rBzUKNaVVg,HethR66eLrw,What if WWE Bought TNA in 2013?,2025-12-23T20:00:16Z,34449,1028,62,False
2026-02-22,Element_Games,UCbNDGnwIkoNl2rBzUKNaVVg,4Nfd2NTLXcI,"1 Hour of WWE vs WCW, TNA & ECW",2025-12-13T21:00:04Z,16573,421,37,False
2026-02-22,Element_Games,UCbNDGnwIkoNl2rBzUKNaVVg,9be5x46RLyI,What if Scott Hall Joined DX in 2000?,2025-12-07T21:00:07Z,19973,575,87,False
2026-02-22,Element_Games,UCbNDGnwIkoNl2rBzUKNaVVg,r7TzNFjn1lg,What if WWE Bought NJPW in 2015?,2025-11-29T21:30:07Z,35063,1162,127,False
2026-02-22,Element_Games,UCbNDGnwIkoNl2rBzUKNaVVg,GQsHlSFhynQ,What if WWF Bought ECW in 1999?,2025-11-23T16:00:32Z,33923,1120,146,False
2026-02-22,Element_Games,UCbNDGnwIkoNl2rBzUKNaVVg,GAEf8leJoYo,What if WWE Bought TNA in 2010?,2025-11-17T21:30:03Z,84751,1986,141,False
2026-02-22,Element_Games,UCbNDGnwIkoNl2rBzUKNaVVg,mtj51buTUG0,What if Sting Was an Unhinged Villain in WCW?,2025-11-14T21:30:11Z,21358,660,96,False
2026-02-22,Element_Games,UCbNDGnwIkoNl2rBzUKNaVVg,0RwFpogXS-o,What if WWE Bought TNA in 2009?,2025-11-07T21:00:03Z,93493,2869,213,False
2026-02-22,Element_Games,UCbNDGnwIkoNl2rBzUKNaVVg,qb0Z1f8-GbA,What if Kane Joined DX During the WWF Attitude Era?,2025-10-31T20:00:53Z,30657,803,77,False
2026-02-22,Element_Games,UCbNDGnwIkoNl2rBzUKNaVVg,sqeLODUaLdg,What if WWF Bought WCW Two Years Earlier?,2025-10-25T15:01:41Z,83087,2215,375,False
2026-02-22,Element_Games,UCbNDGnwIkoNl2rBzUKNaVVg,4r0IRombB5U,"1 Hour of The best WWE ""What if"" Storylines (WWE 2K)",2025-10-22T21:30:01Z,30253,702,23,False
2026-02-22,Element_Games,UCbNDGnwIkoNl2rBzUKNaVVg,mZHScnm42pg,"Universe Mode, But it's WWF Attitude Era (WWE 2K)",2025-10-15T17:01:12Z,40112,817,68,False
2026-02-22,Element_Games,UCbNDGnwIkoNl2rBzUKNaVVg,hbYtpOENE5Q,WWF Attitude Era Video Game : Would you instantly pre-order this if they made it?,2025-10-11T00:01:01Z,5822,404,29,False
2026-02-22,Element_Games,UCbNDGnwIkoNl2rBzUKNaVVg,2-dqpkipshA,O.G BLOODLINE UNCOVER WRESTLEMANIA DEFECTOR! | WWE 2K25 Universe Mode Finale,2025-10-04T21:00:05Z,29110,761,28,False
2026-02-22,Element_Games,UCbNDGnwIkoNl2rBzUKNaVVg,ccdgJOb9ajU,How The OG Bloodline Revealed Roman Reigns' Statue in WWE 2K25 Universe Mode,2025-09-30T22:15:04Z,18956,719,7,False
2026-02-22,Element_Games,UCbNDGnwIkoNl2rBzUKNaVVg,vPaqOq5gDBY,How to Recreate WWE Here Comes the Pain in WWE 2K25,2025-09-29T19:00:47Z,22402,653,77,False
2026-02-22,Element_Games,UCbNDGnwIkoNl2rBzUKNaVVg,AevSqhYzu9c,What if AEW Invaded WWE in 2025?,2025-09-25T19:00:11Z,46444,1010,65,False
2026-02-22,Element_Games,UCbNDGnwIkoNl2rBzUKNaVVg,s7AYW6pLEf0,Eugene Joins Evolution (Bad Decision),2025-09-15T22:01:08Z,10802,354,49,False
2026-02-22,Element_Games,UCbNDGnwIkoNl2rBzUKNaVVg,Z-KMbNIV5i4,EVOLUTION UNVEIL NEW MEMBER! | WWE 2K25 Universe,2025-09-10T23:00:44Z,20901,536,42,False
2026-02-22,Element_Games,UCbNDGnwIkoNl2rBzUKNaVVg,M97Cd5kMprU,Best WWE 2K25 Community Creations of 2025,2025-09-06T20:00:13Z,41696,824,63,False
2026-02-22,Element_Games,UCbNDGnwIkoNl2rBzUKNaVVg,kbRiU-gAQCc,ROMAN REIGNS DISCOVERS DRIVERS IDENTITY!,2025-09-03T20:59:28Z,14691,380,13,False
2026-02-22,Element_Games,UCbNDGnwIkoNl2rBzUKNaVVg,mf_6MWrw1bI,DARK JEFF HARDY UNVEILS ENIGMATIC WWE TITLE! | WWE 2K25 Universe Mode,2025-08-19T21:01:00Z,47922,890,51,False
2026-02-22,Element_Games,UCbNDGnwIkoNl2rBzUKNaVVg,IXNTopm07x4,Best of WWE 2K25 Universe Stories,2025-08-15T00:00:17Z,13167,343,17,False
2026-02-22,Element_Games,UCbNDGnwIkoNl2rBzUKNaVVg,cjuBOPsK68c,What if nWo Hired Paul Heyman in WCW?,2025-08-10T21:00:28Z,28150,747,37,False
2026-02-22,Element_Games,UCbNDGnwIkoNl2rBzUKNaVVg,RA6CvH77pgg,WWE BUY & INVADE TNA WRESTLING!,2025-07-23T21:00:34Z,43829,1145,43,False
2026-02-22,Element_Games,UCbNDGnwIkoNl2rBzUKNaVVg,XN58Q3huZ30,1 Hour of The best Bloodline Universe Mode Storylines (WWE 2K),2025-07-09T21:00:39Z,27235,567,13,False
2026-02-22,Element_Games,UCbNDGnwIkoNl2rBzUKNaVVg,dfXmCKX7OTU,WWE BUY TNA & UNMASK THEIR LEADER! | WWE 2K25 Universe,2025-06-24T00:00:47Z,100665,1776,99,False
2026-02-22,Element_Games,UCbNDGnwIkoNl2rBzUKNaVVg,Hvi_GIC0FdM,1 Hour of The best WCW Universe Mode Storylines (WWE 2K),2025-06-09T21:15:00Z,83653,1247,93,False
2026-02-22,Element_Games,UCbNDGnwIkoNl2rBzUKNaVVg,bRG9TUEAUa4,O.G BLOODLINE UNVEILS THE ROCK'S STATUE! | WWE 2K25 Universe,2025-05-31T21:00:27Z,27157,713,35,False
2026-02-22,Element_Games,UCbNDGnwIkoNl2rBzUKNaVVg,GgEQDxADVDY,What if nWo Wolfpac Joined WWE in 2002?,2025-05-25T21:00:28Z,82393,1384,92,False
2026-02-22,Element_Games,UCbNDGnwIkoNl2rBzUKNaVVg,1pZ4_DPOJgQ,NWO REVEAL THEIR NEW LEADER! | WWE 2K25 Universe (WCW),2025-05-14T20:00:01Z,219362,3134,404,False
2026-02-22,Element_Games,UCbNDGnwIkoNl2rBzUKNaVVg,y4ZhzeEhHQc,WYATT SICKS FIND THE FIEND'S LOST BOOK! | WWE 2K25 Universe,2025-05-01T20:00:37Z,37818,858,48,False
2026-02-22,Element_Games,UCbNDGnwIkoNl2rBzUKNaVVg,_0clcqCx6vk,O.G BLOODLINE CALL THE BOUNTY HUNTER! | WWE 2K25 Universe,2025-04-20T20:00:19Z,67143,1222,42,False
2026-02-22,Element_Games,UCbNDGnwIkoNl2rBzUKNaVVg,Kgz0Ufku1oE,KANE REVEALS UNHINGED WWE TITLE! | WWE 2K Universe Mode,2025-04-11T21:00:18Z,280789,3050,180,False
2026-02-22,Element_Games,UCbNDGnwIkoNl2rBzUKNaVVg,p-mac3clB-8,How John Cena BETRAYED The Fans! | WWE 2K25 Universe,2025-04-06T15:01:04Z,24059,838,76,False
2026-02-22,Element_Games,UCbNDGnwIkoNl2rBzUKNaVVg,cwHJUrljfXI,Outstanding WWE 2K25 Community Creations That Are Worth Downloading,2025-03-26T15:00:59Z,39005,875,68,False
2026-02-22,Element_Games,UCbNDGnwIkoNl2rBzUKNaVVg,IKglLXdef7E,Phenomenal WWE 2K25 Community Creations That Are Worth Downloading,2025-03-22T15:00:19Z,39598,847,90,False
2026-02-22,Element_Games,UCbNDGnwIkoNl2rBzUKNaVVg,_oHV559uwPQ,Fantastic WWE 2K25 Community Creations That Are Worth Downloading,2025-03-18T00:30:31Z,33154,777,100,False
2026-02-22,Element_Games,UCbNDGnwIkoNl2rBzUKNaVVg,274zzC9MEOA,Unbelievable WWE 2K25 Community Creations That Are Worth Downloading,2025-03-14T15:00:02Z,39251,842,135,False
2026-02-22,Element_Games,UCbNDGnwIkoNl2rBzUKNaVVg,kqZDxRnEBEY,The WWE 2K25 Halloween Mode You've never seen,2025-03-12T21:00:41Z,9381,251,30,False
2026-02-22,Element_Games,UCbNDGnwIkoNl2rBzUKNaVVg,ptLZX7xgxLs,Amazing WWE 2K25 Community Creations That Are Worth Downloading,2025-03-10T20:00:35Z,36197,820,80,False
2026-02-22,Element_Games,UCbNDGnwIkoNl2rBzUKNaVVg,YKjs6lsEzxg,Awesome WWE 2K25 Community Creations That Are Worth Downloading,2025-03-08T20:00:26Z,54161,1449,134,False
2026-02-22,Element_Games,UCbNDGnwIkoNl2rBzUKNaVVg,Ktcb7Rcf9VY,WWE 2K25: 29 Ways to Hit the RKO! (PS5 Gameplay),2025-03-07T19:00:15Z,20664,349,41,False
2026-02-22,Element_Games,UCbNDGnwIkoNl2rBzUKNaVVg,VZuVAic9xaY,"WWE 2K25 PS5 Entrances: RVD, Kurt Angle, Batista, DDP, Bret Hart, Terry Funk, Booker T & More!",2025-03-06T15:00:44Z,16533,269,92,False
2026-02-22,Skulls_2025_showcase,UCwdh3MTrFq3sXlB4ct8B-Fg,C4A1s4DH78w,Warhammer Skulls Showcase - Festival of Video Games 2025,2025-05-22T16:00:06Z,219437,7737,866,True
