date,channel_label,video_id,video_slug,title,views,content_type
2026-09-06,Auspex_Tactics,6dVa0W4vzgg,auspex_tactics_games_workshop_have_big_questions_to_answer_what_are_people,Games Workshop Have BIG Questions To Answer! What Are People REALLY Asking their Q+A?,146932,Entertainment / Commentary
2026-09-06,Auspex_Tactics,OnUs5MWVuWI,auspex_tactics_space_marine_answers_gw_roll_back_proxy_system_stat_change_t,"Space Marine ANSWERS – GW Roll Back Proxy System, Stat Change Teasers + What’s Not Going Legends?",145123,Entertainment / Commentary
2026-09-06,Auspex_Tactics,VmO7mEApokY,auspex_tactics_t5_space_marines_means_what_analysing_the_statline_buffs,T5 Space Marines Means WHAT? Analysing the Statline Buffs!,155372,Entertainment / Commentary
2023-01-02,Luetin09,44UqfQWdqLk,luetin09_40k_astartes_history_primarch_to_primaris_warhammer,"40K - ASTARTES HISTORY - PRIMARCH to PRIMARIS | Warhammer 40,000 Lore",2598094,Lore Education
2024-01-24,Luetin09,44UqfQWdqLk,luetin09_40k_astartes_history_primarch_to_primaris_warhammer,"40K - ASTARTES HISTORY - PRIMARCH to PRIMARIS | Warhammer 40,000 Lore",3009700,Lore Education
2026-09-06,Luetin09,44UqfQWdqLk,luetin09_40k_astartes_history_primarch_to_primaris_warhammer,"40K - ASTARTES HISTORY - PRIMARCH to PRIMARIS | Warhammer 40,000 Lore",3802935,Lore Education
2023-01-15,Luetin09,HkJpFvJQp4M,luetin09_40k_hive_cities_structure_economy_currency_daily_li,"40K - HIVE CITIES - Structure, Economy, Currency, Daily Life | WARHAMMER 40,000 Lore/History",2102918,Lore Education
2024-01-05,Luetin09,HkJpFvJQp4M,luetin09_40k_hive_cities_structure_economy_currency_daily_li,"40K - HIVE CITIES - Structure, Economy, Currency, Daily Life | WARHAMMER 40,000 Lore/History",2611593,Lore Education
2025-01-15,Luetin09,HkJpFvJQp4M,luetin09_40k_hive_cities_structure_economy_currency_daily_li,"40K - HIVE CITIES - Structure, Economy, Currency, Daily Life | WARHAMMER 40,000 Lore/History",3192778,Lore Education
2026-09-06,Luetin09,HkJpFvJQp4M,luetin09_40k_hive_cities_structure_economy_currency_daily_li,"40K - HIVE CITIES - Structure, Economy, Currency, Daily Life | WARHAMMER 40,000 Lore/History",3984813,Lore Education
2023-01-16,Luetin09,_Vu2nlAZm1U,luetin09_40k_imperial_titans_machine_gods_of_war_warhammer_4,"40K - IMPERIAL TITANS - MACHINE GODS OF WAR | Warhammer 40,000 Lore/History",2492116,Lore Education
2024-01-24,Luetin09,_Vu2nlAZm1U,luetin09_40k_imperial_titans_machine_gods_of_war_warhammer_4,"40K - IMPERIAL TITANS - MACHINE GODS OF WAR | Warhammer 40,000 Lore/History",2870940,Lore Education
2026-09-06,Luetin09,_Vu2nlAZm1U,luetin09_40k_imperial_titans_machine_gods_of_war_warhammer_4,"40K - IMPERIAL TITANS - MACHINE GODS OF WAR | Warhammer 40,000 Lore/History",3779497,Lore Education
2023-01-17,Luetin09,ZYzOqlGRYGQ,luetin09_40k_the_death_korps_of_krieg_warhammer_40_000_lore,"40K - THE DEATH KORPS OF KRIEG | Warhammer 40,000 Lore / History",844408,Lore Education
2024-01-24,Luetin09,ZYzOqlGRYGQ,luetin09_40k_the_death_korps_of_krieg_warhammer_40_000_lore,"40K - THE DEATH KORPS OF KRIEG | Warhammer 40,000 Lore / History",1931032,Lore Education
2025-03-17,Luetin09,ZYzOqlGRYGQ,luetin09_40k_the_death_korps_of_krieg_warhammer_40_000_lore,"40K - THE DEATH KORPS OF KRIEG | Warhammer 40,000 Lore / History",2720786,Lore Education
2026-09-06,Luetin09,ZYzOqlGRYGQ,luetin09_40k_the_death_korps_of_krieg_warhammer_40_000_lore,"40K - THE DEATH KORPS OF KRIEG | Warhammer 40,000 Lore / History",3234404,Lore Education
2026-09-06,Majorkill,iYIQ2dURU_M,majorkill_the_lost_primarch_returns,The Lost Primarch Returns!,167643,Entertainment / Commentary
2026-09-06,Majorkill,ujXE9gKsQ-c,majorkill_the_retributors_from_astartes_explained_by_an_aust,The Retributors from 'Astartes' EXPLAINED By An Australian | Warhammer 40k Lore,768387,Entertainment / Commentary
2026-09-06,Majorkill,Jj_-evkEwFY,majorkill_was_i_wrong_about_total_war_warhammer_40k,Was I Wrong About Total War Warhammer 40k?,202039,Entertainment / Commentary
2026-09-06,Majorkill,s_jaHhYWeKw,majorkill_what_actually_happened_to_the_lost_primarchs_warhammer_40k_l,What Actually Happened To The Lost Primarchs? | Warhammer 40k Lore,255816,Entertainment / Commentary
2026-09-06,Majorkill,fql5n-_B3aI,majorkill_what_happened_when_the_emperor_met_each_primarch_w,What Happened When The Emperor Met Each Primarch? | Warhammer 40k Lore,944891,Entertainment / Commentary
2026-09-06,Majorkill,hyXiCnZEQqc,majorkill_which_xenos_does_the_imperium_tolerate_warhammer_4,Which Xenos does the Imperium Tolerate? | Warhammer 40k Lore,748512,Entertainment / Commentary
2024-02-13,Squidmar_Miniatures,UknBFRhZKIk,squidmar_miniatures_i_asked_artist_on_fiverr_to_paint_my_warhammer_difficult_mod,I asked artist on Fiverr to paint my Warhammer - difficult mode,1521612,Hobby Tutorial
2026-09-06,Squidmar_Miniatures,UknBFRhZKIk,squidmar_miniatures_i_asked_artist_on_fiverr_to_paint_my_warhammer_difficult_mod,I asked artist on Fiverr to paint my Warhammer - difficult mode,2338889,Hobby Tutorial
2023-01-18,Squidmar_Miniatures,DArEAR7URgs,squidmar_miniatures_i_paid_artists_on_fiverr_to_paint_my_warhammer_here_s_what_h,I paid Artists on Fiverr to paint my Warhammer - Here's what happened!,2339575,Hobby Tutorial
2026-09-06,Squidmar_Miniatures,DArEAR7URgs,squidmar_miniatures_i_paid_artists_on_fiverr_to_paint_my_warhammer_here_s_what_h,I paid Artists on Fiverr to paint my Warhammer - Here's what happened!,2418796,Hobby Tutorial
2024-01-24,Squidmar_Miniatures,g5eBZ4FHjnI,squidmar_miniatures_what_hides_under_the_surface_realistic_diorama_14_months_wor,What hides under the surface - realistic diorama / 14 months work / Warhammer,1273880,Hobby Tutorial
2026-09-06,Squidmar_Miniatures,g5eBZ4FHjnI,squidmar_miniatures_what_hides_under_the_surface_realistic_diorama_14_months_wor,What hides under the surface - realistic diorama / 14 months work / Warhammer,1618701,Hobby Tutorial
2026-09-06,Valrak,9FV5KsjNBPg,valrak_another_book_cover_leak_has_appeared_horus_heresy_scouring_t,Another Book cover LEAK has appeared! Horus Heresy & Scouring talk!,83719,Lore Education
2026-09-06,Valrak,xufWmm_ArTc,valrak_big_space_marine_chaos_space_marine_changes_incoming,BIG Space Marine & Chaos Space Marine Changes Incoming!,74606,Lore Education
2026-09-06,Valrak,J3T4vdqrR_s,valrak_space_king_5_reaction_from_40k_fans,SPACE KING 5 Reaction from 40K Fans!,274763,Lore Education
2026-09-06,Warhammer_Official,uRZQ3i2hJ7A,warhammer_official_learn_to_paint_ogor_skin_warhammer_academy,Learn To Paint Ogor Skin | Warhammer Academy,53101,Official Media
2026-09-06,Warhammer_Official,KSKs8alPHog,warhammer_official_warhammer_age_of_sigmar_the_ultimate_guide_q_a,Warhammer Age of Sigmar: The Ultimate Guide – Q&A,49185,Official Media
2023-03-14,Warhammer_Official,fJQLyBpT4n8,warhammerofficial_warhammer_40_000_how_to_paint_mortarion,"Warhammer 40,000: How to paint Mortarion.",660748,Official Media
2024-01-24,Warhammer_Official,fJQLyBpT4n8,warhammerofficial_warhammer_40_000_how_to_paint_mortarion,"Warhammer 40,000: How to paint Mortarion.",700487,Official Media
2026-09-06,Warhammer_Official,fJQLyBpT4n8,warhammerofficial_warhammer_40_000_how_to_paint_mortarion,"Warhammer 40,000: How to paint Mortarion.",817011,Official Media
2024-04-16,Warhammer_Official,-HOLM7dXiyk,warhammerofficial_warhammer_40_000_how_to_paint_thousand_son,"Warhammer 40,000: How to paint Thousand Sons Rubric Marines.",742544,Official Media
2026-09-06,Warhammer_Official,-HOLM7dXiyk,warhammerofficial_warhammer_40_000_how_to_paint_thousand_son,"Warhammer 40,000: How to paint Thousand Sons Rubric Marines.",817942,Official Media
2023-05-25,Warhammer_Official,y2vEi1xehTs,warhammerofficial_warhammer_40_000_space_marine_2_trailer_re,"Warhammer 40,000 Space Marine 2 Trailer Reveal",1192645,Official Media
2024-01-24,Warhammer_Official,y2vEi1xehTs,warhammerofficial_warhammer_40_000_space_marine_2_trailer_re,"Warhammer 40,000 Space Marine 2 Trailer Reveal",1224349,Official Media
2026-09-06,Warhammer_Official,y2vEi1xehTs,warhammerofficial_warhammer_40_000_space_marine_2_trailer_re,"Warhammer 40,000 Space Marine 2 Trailer Reveal",1318732,Official Media
2023-01-28,WesHammer,amABMswKdXc,weshammer_necrons_deep_dive_the_most_powerful_faction_in_40k_complete,NECRONS Deep Dive. The Most POWERFUL Faction In 40k? Complete History | Warhammer 40k Lore,975445,Lore Education
2026-09-06,WesHammer,amABMswKdXc,weshammer_necrons_deep_dive_the_most_powerful_faction_in_40k_complete,NECRONS Deep Dive. The Most POWERFUL Faction In 40k? Complete History | Warhammer 40k Lore,2255747,Lore Education
