as_of_date,channel_label,channel_id,video_id,title,published_at,views,likes,comments
2026-02-22,Warhammer_Official,UCwdh3MTrFq3sXlB4ct8B-Fg,oUoMUjr7sag,"Adepta Sororitas: Penitence – Official Warhammer 40,000 Animation Teaser | Warhammer+",2026-02-18T14:06:06Z,19792,589,9
2026-02-22,Warhammer_Official,UCwdh3MTrFq3sXlB4ct8B-Fg,9rGsE_oj4O0,"Adepta Sororitas: Penitence – Official Warhammer 40,000 Animation Teaser | Warhammer+",2026-02-18T14:05:29Z,25908,1182,81
2026-02-22,Warhammer_Official,UCwdh3MTrFq3sXlB4ct8B-Fg,I5MUxiaU1Xs,This Week's Warhammer+ Shows | Warhammer,2026-02-18T13:00:30Z,12106,387,11
2026-02-22,Warhammer_Official,UCwdh3MTrFq3sXlB4ct8B-Fg,hiBWd2Y3KoE,"Loremasters – Titus and the Ultramarian Reclamation | Warhammer 40,000",2026-02-15T17:01:03Z,12847,400,20
2026-02-22,Warhammer_Official,UCwdh3MTrFq3sXlB4ct8B-Fg,pQ49lxaZXxc,"Grove Guardian, by Alarielle – Valentine's Day Sylvaneth Reveal | Warhammer Age of Sigmar",2026-02-14T16:01:10Z,64467,3473,214
2026-02-22,Warhammer_Official,UCwdh3MTrFq3sXlB4ct8B-Fg,3FwUSCNwOKo,"Loremasters – The 500 Worlds of Ultramar | Warhammer 40,000",2026-02-13T16:00:06Z,14473,335,13
2026-02-22,Warhammer_Official,UCwdh3MTrFq3sXlB4ct8B-Fg,8ageDMZi6uw,"How to Paint Red Corsairs Raiders | Warhammer 40,000",2026-02-13T10:50:15Z,38367,1865,96
2026-02-22,Warhammer_Official,UCwdh3MTrFq3sXlB4ct8B-Fg,hqCeywnozpQ,This Week on Warhammer+,2026-02-11T13:06:21Z,18034,534,13
2026-02-22,Warhammer_Official,UCwdh3MTrFq3sXlB4ct8B-Fg,1KTDh36eJpo,How to Paint a Vanari Lord Regent | Warhammer Age of Sigmar,2026-02-09T11:02:01Z,8480,366,29
2026-02-22,Warhammer_Official,UCwdh3MTrFq3sXlB4ct8B-Fg,kGSiHa6m0H8,How to Paint a Tzeentch Fatemaster | Warhammer Age of Sigmar,2026-02-06T12:10:16Z,12484,638,65
2026-02-22,Warhammer_Official,UCwdh3MTrFq3sXlB4ct8B-Fg,liYhjOmh91A,"How to Paint T’au Stealth Suits | Warhammer 40,000",2026-02-05T11:00:34Z,13600,614,68
2026-02-22,Warhammer_Official,UCwdh3MTrFq3sXlB4ct8B-Fg,QsL03ppvlkg,A new episode of Questing Nights and more on Warhammer+,2026-02-04T13:00:52Z,16723,342,16
2026-02-22,Warhammer_Official,UCwdh3MTrFq3sXlB4ct8B-Fg,fDxlEnzgI7k,Loremasters – The fall of the Jade Abbey | Warhammer Age of Sigmar,2026-02-01T17:01:33Z,14625,405,4
2026-02-22,Warhammer_Official,UCwdh3MTrFq3sXlB4ct8B-Fg,s-Wky-ZnTRQ,"Loremasters – Nurgle, the great god of decay | Warhammer Age of Sigmar",2026-01-31T16:59:18Z,17877,514,18
2026-02-22,Warhammer_Official,UCwdh3MTrFq3sXlB4ct8B-Fg,h0aXklEbpLc,"Painting a Rogal Dorn Battle Tank | Warhammer 40,000",2026-01-30T11:01:26Z,21102,1099,113
2026-02-22,Warhammer_Official,UCwdh3MTrFq3sXlB4ct8B-Fg,KzM5JxveO5I,"Warhammer 40,000: Dawn of War IV – Orks Faction Trailer | Warhammer",2026-01-28T17:00:38Z,34733,2356,218
2026-02-22,Warhammer_Official,UCwdh3MTrFq3sXlB4ct8B-Fg,pHJgoAnzc_o,Loremasters and more on Warhammer+ this week,2026-01-28T13:01:36Z,17157,555,1
2026-02-22,Warhammer_Official,UCwdh3MTrFq3sXlB4ct8B-Fg,fKg-AeE8XPQ,Warhammer Age of Sigmar: The Ultimate Guide,2026-01-27T14:01:08Z,22126,810,116
2026-02-22,Warhammer_Official,UCwdh3MTrFq3sXlB4ct8B-Fg,1vObC6zue6Y,Loremasters - The Murder Curse,2026-01-25T17:00:04Z,14407,496,13
2026-02-22,Warhammer_Official,UCwdh3MTrFq3sXlB4ct8B-Fg,JFFBEGUiGeE,Loremasters - The Indomitus Crusade,2026-01-24T17:00:22Z,20736,608,5
2026-02-22,Warhammer_Official,UCwdh3MTrFq3sXlB4ct8B-Fg,1QRkW-WS0Cg,"How to Paint an Imperial Knight | Warhammer 40,000",2026-01-23T14:06:40Z,33457,1653,123
2026-02-22,Warhammer_Official,UCwdh3MTrFq3sXlB4ct8B-Fg,IS6Vephk81Q,This week's Warhammer+ shows,2026-01-21T13:00:37Z,20186,578,9
2026-02-22,Warhammer_Official,UCwdh3MTrFq3sXlB4ct8B-Fg,aHed0oG82bA,"Warhammer 40,000 GT - Warhammer Open: Palm Springs - Final - T'au Empire vs. Leagues of Votann",2026-01-19T00:30:32Z,16459,342,13
2026-02-22,Warhammer_Official,UCwdh3MTrFq3sXlB4ct8B-Fg,mxWz0PKoE14,"Warhammer 40,000 GT - Warhammer Open: Palm Springs - Semi-Final - Leagues of Votann vs. T'au Empire",2026-01-18T21:27:39Z,14738,295,2
2026-02-22,Warhammer_Official,UCwdh3MTrFq3sXlB4ct8B-Fg,LWGhNT5Txo8,"Warhammer 40,000 GT - Warhammer Open: Palm Springs - Round 6 - Grey Knights vs. Space Marines",2026-01-18T04:30:55Z,11334,246,1
2026-02-22,Warhammer_Official,UCwdh3MTrFq3sXlB4ct8B-Fg,XjKB3WxHkic,"Warhammer 40,000 GT - Warhammer Open: Palm Springs - Round 5 - Astra Militarum vs. Leagues of Votann",2026-01-18T01:22:13Z,11064,241,5
2026-02-22,Warhammer_Official,UCwdh3MTrFq3sXlB4ct8B-Fg,RM5wbeA7Bh4,"Warhammer 40,000 GT - Warhammer Open: Palm Springs - Round 4 - Thousand Sons vs Blood Angels",2026-01-17T21:42:04Z,14677,309,7
2026-02-22,Warhammer_Official,UCwdh3MTrFq3sXlB4ct8B-Fg,NWZEYUhaLEM,"Warhammer 40,000 GT - Warhammer Open: Palm Springs - Round 2 - Adepta Soroitas vs. Aeldari",2026-01-17T13:28:23Z,14289,206,1
2026-02-22,Warhammer_Official,UCwdh3MTrFq3sXlB4ct8B-Fg,YJJ1aj5OHEA,"Warhammer 40,000 GT - Warhammer Open: Palm Springs - Round 3 - Black Templars vs. Chaos Knights",2026-01-17T05:06:47Z,9284,158,5
2026-02-22,Warhammer_Official,UCwdh3MTrFq3sXlB4ct8B-Fg,hKQZ8lcb4Oc,New Ossiarch Bonereapers revealed at the New Year Preview 2026!,2026-01-16T21:57:04Z,25611,1019,35
2026-02-22,Warhammer_Official,UCwdh3MTrFq3sXlB4ct8B-Fg,4s4S2x51334,All new plastic Legio Custodes models?,2026-01-16T21:43:28Z,145680,4798,541
2026-02-22,Warhammer_Official,UCwdh3MTrFq3sXlB4ct8B-Fg,NdQwfp0si-s,"Red Corsairs, Prince Yriel, and the Eldritch Raiders revealed at the New Year Preview 2026!",2026-01-16T21:36:21Z,51626,2185,80
2026-02-22,Warhammer_Official,UCwdh3MTrFq3sXlB4ct8B-Fg,Qxp2F6kk03U,New Year Preview 2026 Recap | Warhammer,2026-01-16T21:00:07Z,64893,2092,727
2026-02-22,Warhammer_Official,UCwdh3MTrFq3sXlB4ct8B-Fg,BSb79zH13is,New Year Warhammer Preview 2026 Livestream,2026-01-16T20:54:46Z,240868,6791,1031
2026-02-22,Warhammer_Official,UCwdh3MTrFq3sXlB4ct8B-Fg,yZyCmcrIIPw,"The Reign of Iron – Teaser Trailer | Warhammer 40,000",2026-01-16T20:52:06Z,157199,4305,537
2026-02-22,Warhammer_Official,UCwdh3MTrFq3sXlB4ct8B-Fg,JjJuAQqXD6U,New Legio Custodes – Revealed at the New Year Preview 2026 | Warhammer: The Horus Heresy,2026-01-16T20:51:09Z,106834,2627,5043
2026-02-22,Warhammer_Official,UCwdh3MTrFq3sXlB4ct8B-Fg,8z90Eek8j0c,"Warhammer 40,000 GT - Warhammer Open: Palm Springs - Round 1 - Chaos Daemons vs Emperor's Children",2026-01-16T20:32:05Z,28550,517,3
2026-02-22,Warhammer_Official,UCwdh3MTrFq3sXlB4ct8B-Fg,xUNu5VxPigw,Exclusive Animation Extract: Penitence – Revealed at the New Year Preview 2026 | Warhammer+,2026-01-16T20:29:04Z,164494,8206,559
2026-02-22,Warhammer_Official,UCwdh3MTrFq3sXlB4ct8B-Fg,MtsxJlLVVwk,New Ossiarch Bonereapers – Revealed at the New Year Preview 2026 | Warhammer Age of Sigmar,2026-01-16T20:14:47Z,20380,782,82
2026-02-22,Warhammer_Official,UCwdh3MTrFq3sXlB4ct8B-Fg,qXDdQTe3L2I,"Corsairs of the Maelstrom – Revealed at the New Year Preview 2026 | Warhammer 40,000",2026-01-16T20:05:46Z,48643,1206,91
2026-02-22,Warhammer_Official,UCwdh3MTrFq3sXlB4ct8B-Fg,0xZZGws55-k,"How to Paint Grey Knights | Warhammer 40,000",2026-01-16T11:00:03Z,23957,1021,235
2026-02-22,Warhammer_Official,UCwdh3MTrFq3sXlB4ct8B-Fg,tXzKI4tebYo,This week on Warhammer+,2026-01-14T14:19:06Z,19272,458,8
2026-02-22,Warhammer_Official,UCwdh3MTrFq3sXlB4ct8B-Fg,beaIuIPpEt8,How to Paint Nurgle's Decaying Armour & Metallics | Warhammer Age of Sigmar,2026-01-13T11:01:18Z,21873,1031,55
2026-02-22,Warhammer_Official,UCwdh3MTrFq3sXlB4ct8B-Fg,VEAiLaT2lTU,Painting Putrid Nurgle Skin Tones | Warhammer Age of Sigmar,2026-01-12T11:00:58Z,14373,769,32
2026-02-22,Warhammer_Official,UCwdh3MTrFq3sXlB4ct8B-Fg,8SBizuCvSUE,"Warhammer 40,000: Dawn of War IV - Orks CGI Trailer",2026-01-08T17:00:09Z,49510,3390,248
2026-02-22,Warhammer_Official,UCwdh3MTrFq3sXlB4ct8B-Fg,A4XXSboOMcg,"How to Paint Captain Titus | Warhammer 40,000",2026-01-08T11:00:15Z,96279,4210,229
2026-02-22,Warhammer_Official,UCwdh3MTrFq3sXlB4ct8B-Fg,2rYjI7Mbtn0,Painting Desk – Blood Vengeance Trailer | Warhammer TV,2026-01-07T14:02:16Z,6229,259,7
2026-02-22,Warhammer_Official,UCwdh3MTrFq3sXlB4ct8B-Fg,9KAwVD_azuE,Witch hunter dioramas on Painting Desk,2026-01-07T14:00:19Z,21202,367,5
2026-02-22,Warhammer_Official,UCwdh3MTrFq3sXlB4ct8B-Fg,kcpcsKrl9oo,"New Warhammer 40,000 Animations Trailer – January 2026 | Warhammer+",2026-01-07T13:01:42Z,130135,6164,622
2026-02-22,Warhammer_Official,UCwdh3MTrFq3sXlB4ct8B-Fg,xRe4fMNw9ZA,What happens when you infect Skitarii with a slightly dodgy strain of scrap-code?,2026-01-04T16:01:28Z,32468,791,9
2026-02-22,Luetin09,UC8RfCCzWsMgNspTI-GTFenQ,WkWh3q3Cry0,"BELISARIUS CAWL - THE TRUE OMNISSIAH? | Warhammer 40,000 Lore/History",2026-02-06T20:18:09Z,314489,10961,1142
2026-02-22,Luetin09,UC8RfCCzWsMgNspTI-GTFenQ,8f7pjETviLA,"40K - THE GREAT NACHMUND WAR [4]: PURIFICATION | Warhammer 40,000 Lore/History",2025-12-25T00:49:03Z,196425,5671,433
2026-02-22,Luetin09,UC8RfCCzWsMgNspTI-GTFenQ,SyxozCJS0F0,"40K - THE DARK ANGELS - and return of THE LION | Warhammer 40,000 Lore/History",2025-12-15T20:04:43Z,364271,11008,610
2026-02-22,Luetin09,UC8RfCCzWsMgNspTI-GTFenQ,wJo6HBaWklc,"40K - THE DARK AGE OF AI and THE STC LIE | Warhammer 40,000 Lore/Speculation",2025-11-26T00:22:50Z,518800,16565,1659
2026-02-22,Luetin09,UC8RfCCzWsMgNspTI-GTFenQ,tl8Izv0MKPQ,"THE SLEEPER LEGION - WHO WON THE HERESY | Warhammer 40,000 Lore/History",2025-10-23T20:33:04Z,358814,9667,778
2026-02-22,Luetin09,UC8RfCCzWsMgNspTI-GTFenQ,d18RfIPARNE,"40K PRIMARCHS - SANGUINIUS - THE RISE AND FALL OF AN ANGEL | Warhammer 40,000 Lore/History",2025-09-28T20:32:48Z,814570,14966,1039
2026-02-22,Luetin09,UC8RfCCzWsMgNspTI-GTFenQ,XNr6JLhKDdo,"WHY DID THIS HAPPEN? - THE TERMINUS DECREE REVEALED | Warhammer 40,000 Lore/Discussion",2025-08-24T21:08:06Z,364152,12179,1952
2026-02-22,Luetin09,UC8RfCCzWsMgNspTI-GTFenQ,sPILexT0zcU,"THE COST OF COURAGE IN M41 - The Tragedy of Lyubov | Warhammer 40,000 Lore/History",2025-08-13T21:29:54Z,289508,8597,666
2026-02-22,Luetin09,UC8RfCCzWsMgNspTI-GTFenQ,8Zndv3WBLwg,"AFTERMATH OF THE HERESY - The Era of Ruin & Scouring Begins | Warhammer 40,000 Lore/Discussion",2025-07-22T19:56:14Z,604401,15054,912
2026-02-22,Luetin09,UC8RfCCzWsMgNspTI-GTFenQ,WQ_OoUMySI0,"40K ARBITES LORE - DARKTIDE DEEP DIVE | Warhammer 40,000 Lore/History",2025-06-21T20:27:42Z,369192,10615,746
2026-02-22,Luetin09,UC8RfCCzWsMgNspTI-GTFenQ,wjU7QJE3it0,"THIS DISGRACE - MUST END!! - 40K Legends - YARRICK | Warhammer 40,000 Lore/Discussion",2025-06-08T22:01:11Z,277204,10967,1108
2026-02-22,Luetin09,UC8RfCCzWsMgNspTI-GTFenQ,zzueAX2TAZI,"SKULLS 2025 + THE RETURN OF THE SATURNINE | Warhammer 40,000 News/Discuss",2025-05-30T20:27:35Z,159829,7153,498
2026-02-22,Luetin09,UC8RfCCzWsMgNspTI-GTFenQ,TyG9jUqicFo,"40K BEGINNERS - TRAITOR ASTARTES [Part 3] | Warhammer 40,000 Lore/History",2025-05-16T18:52:45Z,526232,10036,789
2026-02-22,Luetin09,UC8RfCCzWsMgNspTI-GTFenQ,maj9xHyyKXI,"ROGAL DORN - DEAD OR ALIVE? - Returning Primarchs | Warhammer 40,000 Lore/Speculation",2025-05-01T22:01:38Z,207046,7725,1115
2026-02-22,Luetin09,UC8RfCCzWsMgNspTI-GTFenQ,PAGqDoFV9lo,WHAT IF - ASTARTES NEVER EXISTED? | WARHAMMER 40000 LORE/SPECULATION - 40K,2025-04-23T18:00:39Z,324932,8372,1121
2026-02-22,Luetin09,UC8RfCCzWsMgNspTI-GTFenQ,ZSw4Je_QbYc,"40K - THE SIEGE OF VRAKS [2] DEATH KORPS BREAKTHROUGH | Warhammer 40,000 Lore / History",2025-04-07T21:24:42Z,273008,8000,484
2026-02-22,Luetin09,UC8RfCCzWsMgNspTI-GTFenQ,eoV0XJg3x18,"YOU'LL NEVER SEE THEM AGAIN? - Imperial Guard Regiments | WARHAMMER 40,000 LORE/DISCUSSION",2025-03-13T17:45:54Z,301809,10103,986
2026-02-22,Luetin09,UC8RfCCzWsMgNspTI-GTFenQ,NtVl-GrS2iI,"5 BIGGEST PROBLEMS IN 40K LORE - That GW Can’t Fix! | WARHAMMER 40,000 LORE/DISCUSSION",2025-03-07T17:00:40Z,582750,18437,3068
2026-02-22,Luetin09,UC8RfCCzWsMgNspTI-GTFenQ,Z9A1tWHuyrc,WHAT IF TAU RULED THE 40K GALAXY？| WARHAMMER 40000 LORE/SPECULATION,2025-02-24T17:34:32Z,380246,10313,1447
2026-02-22,Luetin09,UC8RfCCzWsMgNspTI-GTFenQ,FyK_022amgY,"NECRONS IN YOUR BRAIN - CANOPTEK SCARABS  | WARHAMMER 40,000 LoreGear / History",2025-02-15T15:39:09Z,210708,7887,481
2026-02-22,Luetin09,UC8RfCCzWsMgNspTI-GTFenQ,_5rXIisOAxw,"AGE OF APOSTASY NOW - 40K LORE MUST MOVE ON | WARHAMMER 40,000 Lore/Speculation",2025-01-18T21:07:58Z,682782,15119,1200
2026-02-22,Luetin09,UC8RfCCzWsMgNspTI-GTFenQ,t3V5JSl3lsA,Moistcr1tikal Is Addicted to 40K Now  |  Luetin Chats w Charlie & Adeptus Ridiculous Squad,2024-12-29T23:02:22Z,211462,9553,1042
2026-02-22,Luetin09,UC8RfCCzWsMgNspTI-GTFenQ,K4-GWFNJiYk,"40K's MOST INSANE & POWERFUL WEAPONS [Part Five] | WARHAMMER 40,000 Lore/History",2024-12-22T19:20:45Z,316853,12356,693
2026-02-22,Luetin09,UC8RfCCzWsMgNspTI-GTFenQ,H-WiscjU5c0,"40K - THE SIEGE OF VRAKS [1] DEATH KORPS OF KRIEG | Warhammer 40,000 Lore / History",2024-12-14T20:07:37Z,648378,15404,689
2026-02-22,Luetin09,UC8RfCCzWsMgNspTI-GTFenQ,7CiNXqfPFlo,"40K - THE GREAT NACHMUND WAR [3]: A DUEL OF TITANS | Warhammer 40,000 Lore/History",2024-11-30T22:10:44Z,300397,8421,562
2026-02-22,Luetin09,UC8RfCCzWsMgNspTI-GTFenQ,eAAUCd_ZaWI,"HIVE CITY APOCALYPSE - FOREVER WINTER but its 40K? | Warhammer 40,000 Lore / Speculation",2024-10-31T18:55:41Z,276596,8278,479
2026-02-22,Luetin09,UC8RfCCzWsMgNspTI-GTFenQ,iLT8r-FaVgA,"THE IMPERIUM'S WORST JOBS - Part 5 | WARHAMMER 40,000 Lore / History",2024-10-15T20:10:03Z,481423,12447,1137
2026-02-22,Luetin09,UC8RfCCzWsMgNspTI-GTFenQ,jj3-5D9Xx2s,"40K CURIOUS AFTER SPACE MARINE 2? | LUETIN'S ULTIMATE BEGINNERS GUIDE TO WARHAMMER 40,000",2024-10-07T17:53:12Z,532356,11082,1006
2026-02-22,Luetin09,UC8RfCCzWsMgNspTI-GTFenQ,UXt5wLPuAMQ,"SPACE MARINE 2 is (nearly) A MASTERPIECE | Warhammer 40,000",2024-09-14T18:17:03Z,225770,9422,1607
2026-02-22,Luetin09,UC8RfCCzWsMgNspTI-GTFenQ,aEqFxpRAjNI,"SPACE MARINE 2 - TITUS LORE - DEEP DIVE | Warhammer 40,000 Lore/History",2024-08-30T20:03:13Z,1503373,29350,1642
2026-02-22,Luetin09,UC8RfCCzWsMgNspTI-GTFenQ,c85T_73AYwU,"40K - THE DEATH OF HIVE SECUNDUS [Necromunda] - Warhammer 40,000 Lore/History",2024-08-21T22:29:15Z,774043,16886,721
2026-02-22,Luetin09,UC8RfCCzWsMgNspTI-GTFenQ,ZQ8sPgRsYok,"40K LEGENDS - LEMARTES GUARDIAN OF THE LOST | Warhammer 40,000 Lore History",2024-08-14T18:46:22Z,306900,9444,436
2026-02-22,Luetin09,UC8RfCCzWsMgNspTI-GTFenQ,wh_wA44KbZM,"SPACE MARINE 2 - DEATH WORLD INFILTRATION - FIRST GAMEPLAY 4K | Warhammer 40,000",2024-08-07T16:02:42Z,196760,5551,535
2026-02-22,Luetin09,UC8RfCCzWsMgNspTI-GTFenQ,aoEC8GIKKM4,"SPACE MARINE 2 - HIVE CITY XENOS INVASION  - FIRST GAMEPLAY 4K | Warhammer 40,000",2024-08-07T15:18:11Z,451521,11477,1371
2026-02-22,Luetin09,UC8RfCCzWsMgNspTI-GTFenQ,JkEm75hZn_I,"The ORIGINS of ASTARTES PSYKERS | Warhammer 40,000 Lore/History",2024-08-06T22:20:09Z,527061,12634,501
2026-02-22,Luetin09,UC8RfCCzWsMgNspTI-GTFenQ,zIhTm3HykvU,"40K - THE HORROR OF SPYRER HUNTERS | Warhammer 40,000 Lore/History",2024-07-26T18:59:36Z,303628,10356,444
2026-02-22,Luetin09,UC8RfCCzWsMgNspTI-GTFenQ,BzA7s1SRydg,DARK MECHANICUM RISING | Warhammer 40000 Lore/History/Speculation,2024-07-14T21:08:39Z,521989,13286,885
2026-02-22,Luetin09,UC8RfCCzWsMgNspTI-GTFenQ,jRjg-DVy2Mw,"40K NECROMUNDA [1] - HIVE CITY GANG WARS | Warhammer 40,000 Lore/History",2024-07-04T20:12:13Z,706485,18247,1169
2026-02-22,Luetin09,UC8RfCCzWsMgNspTI-GTFenQ,NZyXxDH6c8k,"THE END OF SLAANESH IN 40K? | Warhammer 40,000 Lore/Discussion",2024-06-18T19:24:26Z,541706,15951,2903
2026-02-22,Luetin09,UC8RfCCzWsMgNspTI-GTFenQ,AFqNHLoPXpA,"40K MASTERS OF WAR - THE HORROR OF DREADNOUGHTS | WARHAMMER 40,000 Lore / History",2024-05-27T20:16:36Z,1340859,24178,1055
2026-02-22,Luetin09,UC8RfCCzWsMgNspTI-GTFenQ,htaA_AP7T2o,"40K - KASRKIN ORIGINS - CADIAN SPEC OPS | Warhammer 40,000 Lore/History",2024-05-18T22:06:26Z,467808,13792,740
2026-02-22,Luetin09,UC8RfCCzWsMgNspTI-GTFenQ,gsw0MDcT5Os,"UNDERSTANDING A GOD EMPEROR  | Dune/Warhammer 40,000 Lore/History",2024-05-12T20:44:42Z,466968,15409,1515
2026-02-22,Luetin09,UC8RfCCzWsMgNspTI-GTFenQ,FsyHFrkENDI,"THE ADEPTUS CUSTODES - WRATH OF THE EMPEROR | Warhammer 40,000 Lore/History",2024-04-27T23:06:55Z,1453910,23702,3823
2026-02-22,Luetin09,UC8RfCCzWsMgNspTI-GTFenQ,Fy1TQbDVgJg,"40K - NO ONE NOTICED THIS FOR 10,000 YEARS? | Warhammer 40,000 Lore/Discussion",2024-04-16T22:47:36Z,400054,19832,10243
2026-02-22,Luetin09,UC8RfCCzWsMgNspTI-GTFenQ,BzcnWEeBf2g,"LOST WORLDS THAT COULD CHANGE THE IMPERIUM | Warhammer 40,000 Lore/History",2024-04-13T21:29:38Z,622303,16882,1197
2026-02-22,Luetin09,UC8RfCCzWsMgNspTI-GTFenQ,LUnB4QAj-bw,"A MAJOR FLAW IN 40K | Warhammer 40,000 Lore/History/Opinion",2024-03-29T20:15:10Z,342209,11980,1746
2026-02-22,Luetin09,UC8RfCCzWsMgNspTI-GTFenQ,7pc2yVnvQZg,"40K - DORN MUST STAY DEAD - Returning Primarchs | Warhammer 40,000 Lore/Speculation",2024-03-11T20:19:20Z,382788,13181,2462
2026-02-22,Luetin09,UC8RfCCzWsMgNspTI-GTFenQ,Y6qKq1O4UU8,"40K - ASTARTES BLACKSHIELDS - Endryd Haar | Warhammer 40,000 Lore/History",2024-03-02T20:54:36Z,634719,15635,597
2026-02-22,Luetin09,UC8RfCCzWsMgNspTI-GTFenQ,wRpfm6_x83o,"CAWL'S NEXUS PLAN COULD CHANGE EVERYTHING | Warhammer 40,000 Lore/Speculation",2024-02-19T23:49:29Z,802911,16601,1035
2026-02-22,Luetin09,UC8RfCCzWsMgNspTI-GTFenQ,3DJD4XeUGVw,"40K EXPLAINED - THE EMPEROR'S GOLDEN THRONE | Warhammer 40,000 Lore/History",2024-01-27T18:05:03Z,1149598,24111,1678
2026-02-22,WesHammer,UCSDj6ttwzj2sr464jDdg_pA,2CBNNQ0f3dU,The Badab War Was Absolutely INSANE! Huron Blackheart | Warhammer 40K Lore,2025-12-17T14:45:00Z,313072,8055,765
2026-02-22,WesHammer,UCSDj6ttwzj2sr464jDdg_pA,HxI3FVAm2IQ,The 8 Gods Of Chaos Explained | Warhammer 40k Lore,2025-11-29T19:31:15Z,387356,13424,1302
2026-02-22,WesHammer,UCSDj6ttwzj2sr464jDdg_pA,gFuwrnXqVhU,Ghost Planet Is HORRIFYING! | Warhammer 40K Lore,2025-11-17T01:48:42Z,254307,8707,606
2026-02-22,WesHammer,UCSDj6ttwzj2sr464jDdg_pA,3-XWC72OosQ,A Name We Cant Explain Keeps Appearing Everywhere | Warhammer 40K Lore,2025-10-31T22:54:56Z,255472,8635,633
2026-02-22,WesHammer,UCSDj6ttwzj2sr464jDdg_pA,cO2ZKmQLmC4,Is Rogue Trader Secretly The Best 40K Game Ever Made?,2025-10-25T23:43:08Z,130571,5435,868
2026-02-22,WesHammer,UCSDj6ttwzj2sr464jDdg_pA,aF1wlCeFu1E,"Who Was ""The Outsider"" And When Will It Return? | Warhammer 40K Lore",2025-10-21T13:45:01Z,590276,19595,1265
2026-02-22,WesHammer,UCSDj6ttwzj2sr464jDdg_pA,eL_95D1I6Og,What Was The Emperor's Angel Of Destruction? | Warhammer 40K Lore,2025-10-01T00:43:25Z,256338,8416,492
2026-02-22,WesHammer,UCSDj6ttwzj2sr464jDdg_pA,VoVrEifzFCQ,"""The Stacks"" Is HORRIFYING! Grim Dark Story Hour | Warhammer 40K Lore",2025-09-20T14:00:48Z,205081,7612,538
2026-02-22,WesHammer,UCSDj6ttwzj2sr464jDdg_pA,e0X6a2-oaGw,Kharn The Betrayer DEEP DIVE! The Strongest Space Marine? | Warhammer 40K Lore,2025-08-31T20:22:31Z,367619,9293,550
2026-02-22,WesHammer,UCSDj6ttwzj2sr464jDdg_pA,RSw80_HAeIU,Did They Just RUIN One Of 40K's Best Mysteries? | Warhammer 40K Lore,2025-08-27T13:45:04Z,241082,9166,1339
2026-02-22,WesHammer,UCSDj6ttwzj2sr464jDdg_pA,_AK2MMCjJDo,Did The Tau Accidently Create A New God? | Warhammer 40K Lore,2025-08-20T13:45:05Z,362265,16281,1280
2026-02-22,WesHammer,UCSDj6ttwzj2sr464jDdg_pA,UOd5adIIpAM,Is Everyone Wrong about 40K's Most HATED Character? | Warhammer 40K Lore,2025-07-26T13:45:04Z,189621,9052,2035
2026-02-22,WesHammer,UCSDj6ttwzj2sr464jDdg_pA,ljf4IWCW3aM,The Deadhenge Anomaly That Killed Millions | Warhammer 40K Lore,2025-07-19T19:40:40Z,188338,7502,351
2026-02-22,WesHammer,UCSDj6ttwzj2sr464jDdg_pA,egNxamtBDyA,The War For Rynn's World EXPLAINED! | Warhammer 40K Lore,2025-07-12T13:43:53Z,167990,6348,242
2026-02-22,WesHammer,UCSDj6ttwzj2sr464jDdg_pA,B6YYhPRIrpg,Jaghatai Khan & The Fall Of The Pale Emperor | Warhammer 40K Lore,2025-06-30T20:34:26Z,183697,8119,418
2026-02-22,WesHammer,UCSDj6ttwzj2sr464jDdg_pA,8COZLF8Aip0,The Most Controversial Book In The Horus Heresy EXPLAINED | Warhammer 40K Lore,2025-06-27T22:20:08Z,157142,6522,651
2026-02-22,WesHammer,UCSDj6ttwzj2sr464jDdg_pA,PUPp4O9BS2o,"Nurgle, The Chaos God Of Plagues - Deep Dive! | Warhammer 40K Lore",2025-06-21T22:39:58Z,584386,12376,937
2026-02-22,WesHammer,UCSDj6ttwzj2sr464jDdg_pA,N4gLc3XlBYU,"Alpha Primus, 40k's Most POWERFUL Space Marine | Warhammer 40K Lore",2025-05-01T01:05:22Z,424134,13064,940
2026-02-22,WesHammer,UCSDj6ttwzj2sr464jDdg_pA,FBj3ovY6c58,Why Are Space Marines So Rare? The Dark Truth | Warhammer 40K Lore,2025-04-22T13:00:25Z,674202,16679,1050
2026-02-22,WesHammer,UCSDj6ttwzj2sr464jDdg_pA,OW9-Wr6-oA8,The Heretic Saint's Return To The 40K Timeline EXPLAINED | Warhammer 40K Lore,2025-03-31T13:00:34Z,353103,9077,662
2026-02-22,WesHammer,UCSDj6ttwzj2sr464jDdg_pA,m-_7MmudYHg,"Ephrael Stern, The Most Powerful Sister Of Battle | Warhammer 40K Lore",2025-03-23T22:38:10Z,192687,8355,560
2026-02-22,WesHammer,UCSDj6ttwzj2sr464jDdg_pA,E_7hh3xIJXw,The Terminus Is HORRIFYING! - Grim Dark Story Hour | Warhammer 40K Lore,2025-03-15T22:33:58Z,311523,10790,741
2026-02-22,WesHammer,UCSDj6ttwzj2sr464jDdg_pA,JckEsjlUOjs,Why Is Everyone Freaking Out About The Eldar Retcon?  | Warhammer 40K Lore,2025-03-13T13:30:09Z,358800,13270,2218
2026-02-22,WesHammer,UCSDj6ttwzj2sr464jDdg_pA,7v1EqG6jJWo,There's Something BIG  Underneath The Universe | Warhammer 40K Lore,2025-02-28T14:45:00Z,642915,17418,1027
2026-02-22,WesHammer,UCSDj6ttwzj2sr464jDdg_pA,PqdDvMOJ8Ss,Leaked Doc Exposes The TRUTH About Souls And Gods. | Warhammer 40K Lore,2025-02-25T14:45:02Z,191441,8634,660
2026-02-22,WesHammer,UCSDj6ttwzj2sr464jDdg_pA,EQmKHTBLQ10,Were The Tau A Mistake? | Warhammer 40K Lore,2025-02-19T14:30:05Z,438559,17173,3878
2026-02-22,WesHammer,UCSDj6ttwzj2sr464jDdg_pA,pfstGKyJIRk,Slaanesh is An Absolute Mess | Warhammer 40K Lore,2024-12-31T14:27:36Z,412606,16393,2791
2026-02-22,WesHammer,UCSDj6ttwzj2sr464jDdg_pA,kIMVscbx-bo,Did Games Workshop Save The Necrons Or Ruin Them? | Warhammer 40K Lore,2024-12-26T14:45:02Z,644087,17844,2686
2026-02-22,WesHammer,UCSDj6ttwzj2sr464jDdg_pA,sjF8jpme5nk,What Would Happen If Each Faction Won? | Warhammer 40K Lore,2024-12-18T14:45:04Z,2071384,53953,3083
2026-02-22,WesHammer,UCSDj6ttwzj2sr464jDdg_pA,MPDK-7nOOEo,The 10 Most HATED Characters In Warhammer 40K.,2024-12-13T14:45:04Z,794980,20952,2714
2026-02-22,WesHammer,UCSDj6ttwzj2sr464jDdg_pA,w6-nHZjUSMo,The Imperium's DEADLY Halfling Snipers | Warhammer 40K Lore,2024-12-09T14:44:29Z,142599,5675,310
2026-02-22,WesHammer,UCSDj6ttwzj2sr464jDdg_pA,cnYem4vmMsA,What Happened After The Horus Heresy? | Warhammer 40K Lore,2024-11-30T14:45:05Z,785960,15646,712
2026-02-22,WesHammer,UCSDj6ttwzj2sr464jDdg_pA,-Gc1RJMhfpU,The DARK Reality Of Chaos Space Marine Obliterators | Warhammer 40K Lore,2024-11-26T15:00:00Z,405905,11310,582
2026-02-22,WesHammer,UCSDj6ttwzj2sr464jDdg_pA,gqgXke8xIw8,Fulgrim's Return EXPLAINED: What You NEED To Know! | Warhammer 40K Lore,2024-11-22T15:00:53Z,660301,18194,1455
2026-02-22,WesHammer,UCSDj6ttwzj2sr464jDdg_pA,am__NWyU2ws,What Happened To The Last Man Of Iron? | Warhammer 40K Lore,2024-11-19T14:45:00Z,553993,15207,577
2026-02-22,WesHammer,UCSDj6ttwzj2sr464jDdg_pA,864KYrldWlw,Men Of Iron Deep Dive - Mankind's First Enemy | Warhammer 40K Lore,2024-11-13T15:00:15Z,832870,17696,1176
2026-02-22,WesHammer,UCSDj6ttwzj2sr464jDdg_pA,1rSniGYRIKM,The Unique Horror Of Each Chaos Space Marine Legion | Warhammer 40K Lore,2024-10-31T21:27:51Z,982163,24620,1281
2026-02-22,WesHammer,UCSDj6ttwzj2sr464jDdg_pA,lq4cZHUFjIg,The SCARIEST 40K Story I've Ever Read. Pentimento. | Warhammer 40K Lore,2024-10-29T23:05:30Z,462209,14312,899
2026-02-22,WesHammer,UCSDj6ttwzj2sr464jDdg_pA,4U5BVpNcWRw,The Summons Of Shadows Is HORRIFYING! GDSH | Warhammer 40K Lore,2024-10-05T14:00:04Z,342957,11729,891
2026-02-22,WesHammer,UCSDj6ttwzj2sr464jDdg_pA,9Rk3tKBQWaY,The Lore Of Space Marine 2 EXPLAINED. What You Need To Know | Warhammer 40k,2024-09-30T13:30:10Z,1308703,20836,1044
2026-02-22,WesHammer,UCSDj6ttwzj2sr464jDdg_pA,bcYifxAuYgk,Ultramarines Faction Deep Dive! The Best Space Marines? | Warhammer 40K Lore,2024-09-19T14:00:38Z,1302318,18953,970
2026-02-22,WesHammer,UCSDj6ttwzj2sr464jDdg_pA,qtyJ1-3lFpM,Top 10 WORST Apocalypses In Warhammer 40K's Lore.,2024-08-31T14:00:48Z,1463443,30130,1271
2026-02-22,WesHammer,UCSDj6ttwzj2sr464jDdg_pA,8YjDo_PP_I0,40K's Most MYSTERIOUS Faction. The Ordo Chronos | Warhammer 40K Lore,2024-08-28T13:45:00Z,549016,13913,1037
2026-02-22,WesHammer,UCSDj6ttwzj2sr464jDdg_pA,m-2GChT2BBo,Officio Assassinorum Faction DEEP DIVE! | Warhammer 40K Lore,2024-08-21T13:30:25Z,764929,13925,668
2026-02-22,WesHammer,UCSDj6ttwzj2sr464jDdg_pA,OJpQl3qrPKI,Why Did The Emperor's Children Save An Imperial World?  | Warhammer 40K Lore,2024-08-12T21:28:39Z,783690,23654,1852
2026-02-22,WesHammer,UCSDj6ttwzj2sr464jDdg_pA,HLA7TjwrKdY,What Do The Orks Think Of Every Other Faction? | Warhammer 40K Lore,2024-08-04T19:40:37Z,2752784,77418,3729
2026-02-22,WesHammer,UCSDj6ttwzj2sr464jDdg_pA,nItc539mrLc,"Psykers & Chaos Sorcerers, What's The Difference?  | Warhammer 40K Lore",2024-07-21T18:41:20Z,239479,9559,505
2026-02-22,WesHammer,UCSDj6ttwzj2sr464jDdg_pA,wGVNlqI-5WQ,The Cryptos & Other CREEPY Mysteries | Warhammer 40K Lore,2024-07-18T17:14:20Z,564665,14310,791
2026-02-22,WesHammer,UCSDj6ttwzj2sr464jDdg_pA,MrqoiC2P4ZM,Chaos Demon Summoning: Everything You NEED To Know! | Warhammer 40K Lore,2024-07-12T15:53:26Z,252602,8996,654
2026-02-22,WesHammer,UCSDj6ttwzj2sr464jDdg_pA,rbgebDGeGPY,The Golden Throne's Death & The Drukhari Emperor | Warhammer 40K Lore,2024-07-09T13:30:34Z,507189,14300,1128
2026-02-22,Squidmar_Miniatures,UCDvZTWvHZPTxJ4K1yTD2a1g,9fvJBwFCCAs,Fixing the Worst eBay Warhammer Scams in 1 hour!,2026-02-20T15:15:00Z,65630,4091,228
2026-02-22,Squidmar_Miniatures,UCDvZTWvHZPTxJ4K1yTD2a1g,xEv5zF82Lgg,This unit took me 3 years to finish… making my dream Warhammer 40k unit!,2026-02-12T15:30:40Z,126925,9219,356
2026-02-22,Squidmar_Miniatures,UCDvZTWvHZPTxJ4K1yTD2a1g,2tMpPgKC7NQ,Mixing $400 Warhammer kits - to make a brand new 40k faction,2026-02-04T16:00:04Z,114263,9208,614
2026-02-22,Squidmar_Miniatures,UCDvZTWvHZPTxJ4K1yTD2a1g,N2AwHjvT1Ao,Games Workshop kept it secret for 40 years - Finally Exposed?,2026-01-30T15:15:02Z,114397,8371,302
2026-02-22,Squidmar_Miniatures,UCDvZTWvHZPTxJ4K1yTD2a1g,a46Bp1G4mIc,We Painted Warhammer Undercover on Fiverr - A One-Year Experiment,2026-01-26T15:00:01Z,276176,11165,304
2026-02-22,Squidmar_Miniatures,UCDvZTWvHZPTxJ4K1yTD2a1g,u3_p2pS1E2Q,These boxes haven’t been opened in 40 years -  Rarest Warhammer minis ever made,2026-01-18T16:59:11Z,177594,9468,570
2026-02-22,Squidmar_Miniatures,UCDvZTWvHZPTxJ4K1yTD2a1g,FElaLwM3GcA,Painting a Warhammer Army for a Kid After an Unimaginable Loss,2026-01-12T14:00:24Z,329518,27539,1392
2026-02-22,Squidmar_Miniatures,UCDvZTWvHZPTxJ4K1yTD2a1g,ElFSySkQKDM,The biggest Warhammer project we've ever done - Just started!,2026-01-07T14:00:31Z,214222,11764,665
2026-02-22,Squidmar_Miniatures,UCDvZTWvHZPTxJ4K1yTD2a1g,zzGQ6I5_guc,What I learned painting Warhammer for 24h with a World Champion,2025-12-26T15:02:02Z,126743,8462,222
2026-02-22,Squidmar_Miniatures,UCDvZTWvHZPTxJ4K1yTD2a1g,V9JIxxGk9CE,We asked the cheapest artists on Fiverr to paint our Warhammer - here's what we got!,2025-12-19T15:00:56Z,278250,9360,479
2026-02-22,Squidmar_Miniatures,UCDvZTWvHZPTxJ4K1yTD2a1g,svPEVaDbN4k,How to Get PERFECT Paint Consistency – Wet Palette Masterclass,2025-12-11T16:01:40Z,72731,3206,182
2026-02-22,Squidmar_Miniatures,UCDvZTWvHZPTxJ4K1yTD2a1g,5wEnZsjIA6c,I used a painting technique I've NEVER used before... and won a competition?!,2025-12-05T17:00:21Z,91875,7229,168
2026-02-22,Squidmar_Miniatures,UCDvZTWvHZPTxJ4K1yTD2a1g,H-XQP3yQH8w,I Tortured Myself Painting an Army in 24 Hours - Did i win best in show?!?,2025-11-30T15:00:30Z,109475,9058,252
2026-02-22,Squidmar_Miniatures,UCDvZTWvHZPTxJ4K1yTD2a1g,1ToBczFqeQ0,8 cheats for beginners - to speed up your Warhammer army painting!,2025-11-28T15:30:01Z,109752,5448,161
2026-02-22,Squidmar_Miniatures,UCDvZTWvHZPTxJ4K1yTD2a1g,G5vbDQaSEGQ,He Has Never Painted Before… Can He Win the World's Hardest competition?!,2025-11-21T15:30:16Z,99957,8933,327
2026-02-22,Squidmar_Miniatures,UCDvZTWvHZPTxJ4K1yTD2a1g,lWkzbPZLuT8,We traded a $1 Warhammer Gretchen for THREE Armies!,2025-11-17T15:01:34Z,107784,6443,135
2026-02-22,Squidmar_Miniatures,UCDvZTWvHZPTxJ4K1yTD2a1g,7PSsJ037OBI,400h later: My most insane Warhammer army is finally done,2025-11-07T16:30:06Z,229410,11543,326
2026-02-22,Squidmar_Miniatures,UCDvZTWvHZPTxJ4K1yTD2a1g,h8ZZDzfhbyc,The Pain Behind My Golden Demon Experience!,2025-10-29T15:01:33Z,250747,19681,915
2026-02-22,Squidmar_Miniatures,UCDvZTWvHZPTxJ4K1yTD2a1g,atosS-iA8qU,We Bought Warhammer From TikTok… It’s Worse Than You Think,2025-10-22T15:00:05Z,205006,9012,333
2026-02-22,Squidmar_Miniatures,UCDvZTWvHZPTxJ4K1yTD2a1g,ccFfR4kzKvs,I destroyed $340 Warhammer to create one 40k Knight!,2025-10-16T14:45:06Z,253572,15384,411
2026-02-22,Squidmar_Miniatures,UCDvZTWvHZPTxJ4K1yTD2a1g,xsc9-aAwXyM,This garage is the WORST unpainted Warhammer collection we've ever seen - we had to help!,2025-10-08T15:30:42Z,343863,21550,923
2026-02-22,Squidmar_Miniatures,UCDvZTWvHZPTxJ4K1yTD2a1g,ws_EZBrkWNw,Amateur Vs. Pro - Can $1000 beat one of the most legendary Warhammer Painters?,2025-10-01T15:30:39Z,197803,5631,294
2026-02-22,Squidmar_Miniatures,UCDvZTWvHZPTxJ4K1yTD2a1g,y-P6_YejL1k,We spent 200 hours on this Warhammer video – but we’ll never publish it,2025-09-23T14:30:51Z,118018,15694,351
2026-02-22,Squidmar_Miniatures,UCDvZTWvHZPTxJ4K1yTD2a1g,FB_1dUqTibE,We're gonna trade from a $1 goblin to a $50k Space Marine chapter!,2025-09-15T15:00:33Z,100996,8343,281
2026-02-22,Squidmar_Miniatures,UCDvZTWvHZPTxJ4K1yTD2a1g,wiaiSftR2Bg,Gunpla – Does It Make Us Quit Warhammer Painting?,2025-09-05T15:01:48Z,267989,11572,1543
2026-02-22,Squidmar_Miniatures,UCDvZTWvHZPTxJ4K1yTD2a1g,RshknRdET-k,Is it possible to complete a Warhammer Knight in a DAY??! - No Airbrush,2025-08-29T15:00:53Z,253496,12013,323
2026-02-22,Squidmar_Miniatures,UCDvZTWvHZPTxJ4K1yTD2a1g,ksMSoy38v6g,I stayed up 24 hours to paint my FIRST ever Warhammer 40k army,2025-08-21T15:01:17Z,328367,11385,462
2026-02-22,Squidmar_Miniatures,UCDvZTWvHZPTxJ4K1yTD2a1g,qqSBFZRxxmM,GW don’t know how to paint Space Wolves – Let’s fix an army,2025-08-15T15:01:33Z,307117,13828,582
2026-02-22,Squidmar_Miniatures,UCDvZTWvHZPTxJ4K1yTD2a1g,jqe3Bjx8TmU,Who did it best? Games Workshop VS. 3D Print - Eldar Edition,2025-08-06T16:01:28Z,96868,3533,409
2026-02-22,Squidmar_Miniatures,UCDvZTWvHZPTxJ4K1yTD2a1g,X7sLcbpiD7k,I ordered 12 Warhammer scams from Germany,2025-07-28T14:00:53Z,129092,5108,397
2026-02-22,Squidmar_Miniatures,UCDvZTWvHZPTxJ4K1yTD2a1g,B3GEbSsFaKs,Professional Painting Secrets - Squidmar Dragon Masterclass,2025-07-18T15:06:57Z,108593,4219,151
2026-02-22,Squidmar_Miniatures,UCDvZTWvHZPTxJ4K1yTD2a1g,m6ydKgfoC-U,He's collected Warhammer for 40 years and has ZERO painted armies! - We had to help,2025-07-10T15:01:23Z,386532,11793,673
2026-02-22,Squidmar_Miniatures,UCDvZTWvHZPTxJ4K1yTD2a1g,0RVQOGxb0Ks,Fatal mistakes Warhammer painters make that keeps them from improving,2025-07-02T16:00:02Z,93788,4034,164
2026-02-22,Squidmar_Miniatures,UCDvZTWvHZPTxJ4K1yTD2a1g,EoHjUbNaYDc,We ordered 12 scams from Taiwan's nr.1 Warhammer competitor,2025-06-26T15:01:49Z,134024,4768,351
2026-02-22,Squidmar_Miniatures,UCDvZTWvHZPTxJ4K1yTD2a1g,wDkwaudSmM4,"Did you know, Space marines are WHAT?!",2025-06-18T15:01:39Z,126924,1655,119
2026-02-22,Squidmar_Miniatures,UCDvZTWvHZPTxJ4K1yTD2a1g,I29cFQhug7M,Is this $29 proxy better than the official Warhammer model?,2025-06-18T14:00:31Z,186507,5114,560
2026-02-22,Squidmar_Miniatures,UCDvZTWvHZPTxJ4K1yTD2a1g,DRqUWtnXEXA,I painted a Warhammer army in 24h straight AGAIN - and won best in show?!,2025-06-11T14:00:17Z,275954,14027,495
2026-02-22,Squidmar_Miniatures,UCDvZTWvHZPTxJ4K1yTD2a1g,u3q8kFIe-vo,We asked Warhammer painters on Fiverr to paint our minis - it costs how much now!?,2025-06-04T16:01:34Z,249434,6802,385
2026-02-22,Squidmar_Miniatures,UCDvZTWvHZPTxJ4K1yTD2a1g,RX7ToVQRxHI,Two artists - 72 hour Warhammer conversion challenge,2025-05-28T14:00:40Z,190868,7558,488
2026-02-22,Squidmar_Miniatures,UCDvZTWvHZPTxJ4K1yTD2a1g,92uMWZZAfHY,We opened a Warhammer store - and lost how much money?!,2025-05-21T16:00:17Z,215787,8023,417
2026-02-22,Squidmar_Miniatures,UCDvZTWvHZPTxJ4K1yTD2a1g,xeeRB64T_k0,Is it a Warhammer Scam? ep.3 - Nightworks Magnification Glasses  #miniature #warhammer #warhammer40k,2025-05-12T15:01:35Z,45792,1382,34
2026-02-22,Squidmar_Miniatures,UCDvZTWvHZPTxJ4K1yTD2a1g,z8gKH-TH6_k,"We ordered 15 Warhammer Scams from China's ""Games Workshop""",2025-05-09T14:01:33Z,356858,9392,624
2026-02-22,Squidmar_Miniatures,UCDvZTWvHZPTxJ4K1yTD2a1g,k0lkas9gAPA,Is it a Warhammer Scam? ep.2 - Green Stuff World Airbrush  #miniature #miniaturepainter #warhammer,2025-05-07T15:01:24Z,54514,1004,36
2026-02-22,Squidmar_Miniatures,UCDvZTWvHZPTxJ4K1yTD2a1g,hZ0ltX6I42o,Is it a Warhammer Scam ep1 #miniaturepainter #miniature #dungeonsanddragons #warhammer #warhammer40k,2025-05-02T14:18:59Z,58300,1220,41
2026-02-22,Squidmar_Miniatures,UCDvZTWvHZPTxJ4K1yTD2a1g,oTi3RJbLRqQ,Slapchop: the ultimate painting technique - and why I don’t recommend it,2025-05-01T16:01:19Z,229503,8206,669
2026-02-22,Squidmar_Miniatures,UCDvZTWvHZPTxJ4K1yTD2a1g,daUM-28gBSc,He has more Space Marines than a Warhammer store - We had to help!,2025-04-23T15:01:12Z,325175,10932,493
2026-02-22,Squidmar_Miniatures,UCDvZTWvHZPTxJ4K1yTD2a1g,_wUyehmXkfs,How GW’s Biggest Rival Makes Miniatures – Full Factory Tour,2025-04-14T17:30:15Z,290088,14648,667
2026-02-22,Squidmar_Miniatures,UCDvZTWvHZPTxJ4K1yTD2a1g,SqEKdl2djFw,we coached this noob for 3 months - and he won best in show?!,2025-04-09T16:00:41Z,260263,24371,486
2026-02-22,Squidmar_Miniatures,UCDvZTWvHZPTxJ4K1yTD2a1g,EuXCcrhJHtY,We Built a Giant Warhammer Ork Ship for 100 Hours... Then It Instantly Broke :'(,2025-04-02T15:00:31Z,130736,15198,413
2026-02-22,Squidmar_Miniatures,UCDvZTWvHZPTxJ4K1yTD2a1g,DR4GNSbNk6w,We ordered 10 Warhammer SCAMS from Etsy - this was bonkers,2025-03-27T16:00:13Z,321896,21267,949
2026-02-22,Majorkill,UC_wb8IVtmXwil8bN3IdVtZw,kYzuYAFoMk4,Huge Update On The Remembrancer Demonetisation Situation,2026-02-20T13:01:25Z,43511,4523,327
2026-02-22,Majorkill,UC_wb8IVtmXwil8bN3IdVtZw,FG9JqP_3k_U,Tyberos The Red Wake Is Finally Becoming a Primaris Marine!,2026-02-18T14:46:57Z,144060,8609,614
2026-02-22,Majorkill,UC_wb8IVtmXwil8bN3IdVtZw,qaWYymDZZSU,The Isstvan Dropsite Massacre EXPLAINED By An Australian | Warhammer 40k Lore,2026-02-17T14:05:29Z,66253,4737,169
2026-02-22,Majorkill,UC_wb8IVtmXwil8bN3IdVtZw,arfVXL-CDVA,5 Incredible Chapter Masters You've Never Heard Of | Warhammer 40k Lore,2026-02-13T12:58:27Z,78120,5114,210
2026-02-22,Majorkill,UC_wb8IVtmXwil8bN3IdVtZw,L0zuCMXuDz0,The True Horror Of The Deep Warp EXPLAINED | Warhammer 40k Lore,2026-02-10T15:12:55Z,138987,8370,453
2026-02-22,Majorkill,UC_wb8IVtmXwil8bN3IdVtZw,dUBGKfMWYFE,The Risen EXPLAINED By An Australian | Warhammer 40k Lore,2026-02-06T15:17:34Z,81389,5079,198
2026-02-22,Majorkill,UC_wb8IVtmXwil8bN3IdVtZw,JeiTxnBKtyk,All 4 Tyrannic Wars EXPLAINED By An Australian | Warhammer 40k Lore,2026-02-04T14:37:12Z,69405,4578,199
2026-02-22,Majorkill,UC_wb8IVtmXwil8bN3IdVtZw,9sL8ql7AsSE,Kheradruakh - The Decapitator EXPLAINED By An Australian | Warhammer 40k Lore,2026-01-30T14:11:07Z,122296,6430,308
2026-02-22,Majorkill,UC_wb8IVtmXwil8bN3IdVtZw,XLb0SZi0_24,The Horus Heresy From The Emperor's Perspective | Warhammer 40k Lore,2026-01-29T14:15:29Z,90416,5619,357
2026-02-22,Majorkill,UC_wb8IVtmXwil8bN3IdVtZw,jp6tTDuu_os,Why Are The Black Templars Insane? #majorkill #warhammer40k,2026-01-28T13:01:33Z,553509,31103,455
2026-02-22,Majorkill,UC_wb8IVtmXwil8bN3IdVtZw,4n2WUC-Wy_0,What If Cadia Never Fell? | Warhammer 40k Lore,2026-01-27T13:43:05Z,57161,3734,179
2026-02-22,Majorkill,UC_wb8IVtmXwil8bN3IdVtZw,XX-BMF8gdRQ,What's Up With Those Metal Spikey Devices On Power Packs? #majorkill #warhammer40k,2026-01-26T14:05:01Z,506796,25123,250
2026-02-22,Majorkill,UC_wb8IVtmXwil8bN3IdVtZw,mBoQjCsdkuI,5 Of The Best Space Shark Moments in Warhammer 40k Lore,2026-01-23T16:37:43Z,126113,8140,557
2026-02-22,Majorkill,UC_wb8IVtmXwil8bN3IdVtZw,TGPkn-8LFw4,The Destroyer Plague - A Fate Worse than Death #majorkill #warhammer40k,2026-01-22T14:55:46Z,262414,11321,109
2026-02-22,Majorkill,UC_wb8IVtmXwil8bN3IdVtZw,aMfYx8nCtcA,My Thoughts On The New Custodian Guard Models...,2026-01-19T15:00:15Z,122699,9178,2578
2026-02-22,Majorkill,UC_wb8IVtmXwil8bN3IdVtZw,Ul9ZtiUlius,Giving Away a WARLORD TITAN LIVE!,2026-01-18T14:43:10Z,4949,265,24
2026-02-22,Majorkill,UC_wb8IVtmXwil8bN3IdVtZw,cXjr-ApXMW0,Giving Away a WARLORD TITAN LIVE!,2026-01-18T14:29:00Z,0,0,0
2026-02-22,Majorkill,UC_wb8IVtmXwil8bN3IdVtZw,jvXmhgY-KTE,What Happened To The Founders Of The Grey Knights? | Warhammer 40k Lore,2026-01-16T15:40:15Z,69555,4309,139
2026-02-22,Majorkill,UC_wb8IVtmXwil8bN3IdVtZw,sg3AUvvKpgE,The Warhammer Subreddit REALLY Hates Me....,2026-01-15T14:49:09Z,128318,10376,1880
2026-02-22,Majorkill,UC_wb8IVtmXwil8bN3IdVtZw,QuwLurbDxL8,Which Faction Is Currently The Most Powerful? | Warhammer 40k Lore,2026-01-13T14:40:29Z,113052,6062,357
2026-02-22,Majorkill,UC_wb8IVtmXwil8bN3IdVtZw,HA0ZUa8WoLk,Do The White Scars Have Any Successor Chapters? | Warhammer 40k Lore,2026-01-09T14:50:46Z,60757,4169,252
2026-02-22,Majorkill,UC_wb8IVtmXwil8bN3IdVtZw,cshtDOzG8Yo,It's Time To Take A Step Back,2026-01-08T12:23:27Z,174109,10984,549
2026-02-22,Majorkill,UC_wb8IVtmXwil8bN3IdVtZw,k_f77csuzM4,What Happened To The Legion Masters? | Warhammer 40k Lore,2026-01-07T14:12:09Z,88893,5291,218
2026-02-22,Majorkill,UC_wb8IVtmXwil8bN3IdVtZw,3hI2sO2Y12A,Something Terrible Just Happened To The Warhammer 40k Lore Community...,2026-01-05T12:29:00Z,336212,26793,2142
2026-02-22,Majorkill,UC_wb8IVtmXwil8bN3IdVtZw,neTCzWbAzoc,Can The Tyranids Eat The Chaos Gods? | Warhammer 40k Lore,2025-12-31T16:25:11Z,86302,4869,292
2026-02-22,Majorkill,UC_wb8IVtmXwil8bN3IdVtZw,j8cmY3P1JVg,What Has Leman Russ Been Doing? | Warhammer 40k Lore,2025-12-30T15:10:42Z,101785,5778,395
2026-02-22,Majorkill,UC_wb8IVtmXwil8bN3IdVtZw,_09zxK553VU,Why Is Warhammer 40k Lore So Complicated?,2025-12-23T15:37:56Z,61306,4758,1059
2026-02-22,Majorkill,UC_wb8IVtmXwil8bN3IdVtZw,tCS4Ev0tQ4w,Top 10 Most Heroic Guardsmen | Warhammer 40k Lore,2025-12-18T14:53:06Z,58624,3908,250
2026-02-22,Majorkill,UC_wb8IVtmXwil8bN3IdVtZw,UqucoXxFzQ0,The 12 Best Moments In Warhammer 40k Lore,2025-12-16T13:57:26Z,80251,4538,232
2026-02-22,Majorkill,UC_wb8IVtmXwil8bN3IdVtZw,3a_GZw_03bA,My Thoughts On Total War Warhammer 40k...,2025-12-15T13:34:33Z,163102,8165,1258
2026-02-22,Majorkill,UC_wb8IVtmXwil8bN3IdVtZw,amCKbDJC_Dc,Every Time The Eldar Have Tried To Kill Slaanesh | Warhammer 40k Lore,2025-12-11T14:07:15Z,94292,5293,313
2026-02-22,Majorkill,UC_wb8IVtmXwil8bN3IdVtZw,7M8WWv9nxQE,What Imperial “Compliance” Actually Means for a Planet | Warhammer 40k Lore,2025-12-08T14:00:12Z,68031,4447,261
2026-02-22,Majorkill,UC_wb8IVtmXwil8bN3IdVtZw,Q1VliC2XXqk,The Horrifying Time The Astronomican Went Dark | Warhammer 40k Lore,2025-12-05T15:59:11Z,70636,4333,179
2026-02-22,Majorkill,UC_wb8IVtmXwil8bN3IdVtZw,kFC8q1U-QJI,Are The Salamanders Actually Nice? | Warhammer 40k Lore,2025-12-03T13:37:58Z,85728,5944,339
2026-02-22,Majorkill,UC_wb8IVtmXwil8bN3IdVtZw,rGFda48MPiI,Astorath The Grim EXPLAINED By An Australian | Warhammer 40k Lore,2025-12-02T13:04:47Z,65708,4409,180
2026-02-22,Majorkill,UC_wb8IVtmXwil8bN3IdVtZw,_pShpjzrWAY,I Entered Every Division At A Jiu Jitsu Tournament...,2025-12-01T13:39:44Z,26942,2434,323
2026-02-22,Majorkill,UC_wb8IVtmXwil8bN3IdVtZw,ZIywWN5IGwU,What Was Each Space Marine Legion's Weakness/Flaw? | Warhammer 40k Lore,2025-11-28T17:37:25Z,122536,6433,259
2026-02-22,Majorkill,UC_wb8IVtmXwil8bN3IdVtZw,ISFG3E6B74k,Is The Emperor Actually A God? | Warhammer 40k Lore,2025-11-27T13:40:46Z,97231,5599,427
2026-02-22,Majorkill,UC_wb8IVtmXwil8bN3IdVtZw,FyLqBL-nMvM,Giving Away The Limited Edition 1/6 Abaddon Statue LIVE,2025-11-27T01:46:30Z,3166,132,10
2026-02-22,Majorkill,UC_wb8IVtmXwil8bN3IdVtZw,NVyNkUNEkBE,Every Time The Inquisition Did The Right Thing | Warhammer 40k Lore,2025-11-23T13:00:46Z,77062,4887,222
2026-02-22,Majorkill,UC_wb8IVtmXwil8bN3IdVtZw,fC0pT5htT3w,Demetrian Titus EXPLAINED By An Australian | Warhammer 40k Lore,2025-11-21T14:31:14Z,156103,8157,581
2026-02-22,Majorkill,UC_wb8IVtmXwil8bN3IdVtZw,tj31KQif7bc,Could Sanguinius Have Actually Beaten Horus? | Warhammer 40k Lore,2025-11-20T13:16:23Z,72719,4643,354
2026-02-22,Majorkill,UC_wb8IVtmXwil8bN3IdVtZw,VU-QnFanTzY,The Phalanx EXPLAINED By An Australian | Warhammer 40k Lore,2025-11-18T13:46:40Z,100969,6082,270
2026-02-22,Majorkill,UC_wb8IVtmXwil8bN3IdVtZw,vdlqv4neLrE,The Fall of Cadia EXPLAINED | Warhammer 40k Lore,2025-11-17T13:54:17Z,143768,7545,369
2026-02-22,Majorkill,UC_wb8IVtmXwil8bN3IdVtZw,WCx1QgX-vfA,What If Every Primarch Returned? | Warhammer 40k Lore,2025-11-14T18:51:31Z,111512,5905,313
2026-02-22,Majorkill,UC_wb8IVtmXwil8bN3IdVtZw,Xp1Ii7-KgsQ,What If Sanguinius Was Chosen As Warmaster? | Warhammer 40k Lore,2025-11-12T14:19:15Z,66721,4239,301
2026-02-22,Majorkill,UC_wb8IVtmXwil8bN3IdVtZw,HMoorYZfz_s,Why Is The Mechanicus Obsessed With The Necrons? #majorkill #warhammer40k,2025-11-11T13:00:41Z,310297,14570,190
2026-02-22,Majorkill,UC_wb8IVtmXwil8bN3IdVtZw,8EG7BIyVoDM,Is Alpharius Actually Dead? | Warhammer 40k Lore,2025-11-10T13:56:52Z,64707,4329,415
2026-02-22,Majorkill,UC_wb8IVtmXwil8bN3IdVtZw,DjVUx2G_TEM,The Origins Of The Necrons EXPLAINED By An Australian | Warhammer 40k Lore,2025-11-07T13:57:22Z,58850,4042,233
2026-02-22,Majorkill,UC_wb8IVtmXwil8bN3IdVtZw,ucr6LFl7Dp0,Do Servitors Maintain Their Consciousness? | Warhammer 40k Lore,2025-11-03T13:50:57Z,75448,4716,277
