title,channel_id,subscribers,views,videos,country,custom_url
Warhammer,UCwdh3MTrFq3sXlB4ct8B-Fg,991000,147631533,1315,GB,@officialwarhammer
Luetin09,UC8RfCCzWsMgNspTI-GTFenQ,958000,260216359,1947,GB,@luetin09
WesHammer,UCSDj6ttwzj2sr464jDdg_pA,893000,399828669,449,US,@weshammer
Squidmar Miniatures,UCDvZTWvHZPTxJ4K1yTD2a1g,775000,110242934,349,SE,@squidmarminiatures
Majorkill,UC_wb8IVtmXwil8bN3IdVtZw,697000,392340232,1118,AU,@majorkill
Play On Tabletop,UCJ4-WFTrDNWvcM7dEC6E2mw,553000,120830769,1176,CA,@playontabletop
MiniWarGaming,UC2mQ7x6K74NBfmxBoMwZCnw,515000,244161045,8955,CA,@miniwargaming
Duncan Rhodes Painting Academy,UCuRNH2cb6VwsZbzILptDVIA,385000,25753377,197,GB,@duncanrhodesdrpa
PancreasNoWork,UCgleHPPvl9LD7jeU2G-XNWw,375000,100173957,291,US,@pancreasnowork9939
EonsOfBattle,UCDNHPNeWScAC8h8IxtEBtkQ,323000,97569033,1107,US,@eonsofbattle
Baldermort's Guide to Warhammer,UCdpGd0jls7VQh6LvcZT_p1A,288000,46587827,691,GB,@baldermort
Arch,UChS9wazLlTUHSTeKVG39hZw,280000,120975394,750,NO,@archyoutube
Mavericks Paint,UCwRXA-gW-2d_qW7-BYxienA,273000,51227916,91,,@mavericknicolson
Games Night,UClhmd2Xe3zrYfuarqV-shKA,265000,52190043,682,GB,@gamesnight
Warrior Tier,UCvPS8A70UM6NZ6zDLo3nQPA,255000,41290932,399,US,@warriortier
Tabletop Tactics,UC_KbSd9fby8UeLU7M6eXeRQ,255000,38349024,583,GB,@tabletoptactics
Zumikito Miniatures,UChvLrvN9TyZ-rCuxPIhUHiA,246000,21208146,137,CZ,@zumikito
Rogue Hobbies ,UCb_76ET84Vohgp3Dqk1KeYQ,230000,11766963,72,GB,@roguehobbies
More Lore,UCFyCWp9xqWZ_GYrupXsnQ2w,216000,117037756,264,CA,@moreloreyt
The Book of Choyer,UC_ynzI9eLoSV2wXXoURzSeQ,214000,33875979,331,,@thebookofchoyer
Imperial Iterator,UCWf1CrEX3Pf4co0GbXKRe3w,214000,182626216,762,US,@imperialiterator
Trovarion Miniatures,UC2mGRYBQqZk6U_qtQxLDROg,210000,26751712,265,AT,@trovarion
Poorhammer,UCXRata4OHGuZQoMQ0HCnNpw,181000,32752598,205,,@thepoorhammerpodcast
Scholar's Lore ,UCHCMymfxe1gU4Ph9QEo_yww,175000,9796624,125,GB,@scholarslore
Vince Venturella,UCgptSaRLvd1QH0SURdQNYgg,171000,26109507,1764,US,@vinceventurella
Mr. Bones 40k,UCGvoBiIcphBQ7DPGs0TukZQ,170000,42994217,482,CA,@thebonezone40k
Tabletop Titans,UC-3TjY277uBsBl8VU8C4nqw,161000,80774599,2251,US,@tabletoptitans
Sergio Calvo Miniatures,UCs8aFalGsl9zNW3CEI5h3sg,157000,20516870,582,ES,@sergiocalvominiatures
The Painting Coach,UC1MWcqIPR8JI1A_I3N0X1VQ,125000,19110499,417,GB,@thepaintingcoach
Counterpoints 40K,UC9bnvsu0ZYzNFijp6mWLUjQ,120000,26125453,192,US,@counterpoints
ABORDER PRINCE,UCz-zxjO6L6FpypwA2iyQ4pg,116000,552037,81,GB,@aborderprince
The Gaming Storyteller,UCfqNN-yFyw3XEiFEbmGv52g,112000,160334002,724,NL,@dutch40kguy
winters SEO,UCWVwkGrdqVEGkU3LNlp70fw,111000,31423865,1225,GB,@wintersseo
The Amber King,UCLSPmGfPWsRdMHpI4eBrBIg,107000,17370018,123,GB,@theamberking
Indomitus 40K,UCGec4BxdU33XW40DjsaiJpQ,106000,11529459,23,,@indomitus_40k
StrikingScorpion82,UC-u7aggg_-Q__FjA4_TNSTA,105000,31467554,2560,GB,@strikingscorpion82
Art of War 40k,UCtlNErjbGBp4bRquQgxIZ0g,101000,18633771,3713,US,@artofwar40k
Vanguard Tactics,UCWrN2DoDXyT2GxJXZ_AEemg,100000,12553515,1247,GB,@vanguardtactics
Warhipster,UCYuvyemU1ytWXgKiAAnIAow,100000,17556630,1310,GB,@warhipster
SN Battle Reports,UC0puBaPD2eSSAq87lyv7sYg,93100,6036457,660,GB,@snbattlereports
The Painting Phase,UCjw4ZC1GqBHOKWOYpRD-spg,91000,13759807,260,GB,@thepaintingphase
TacticalTortoise 40k,UCbxedkkUdwfJOO7a8d9d63w,87200,23597788,1847,,@tacticaltortoise
Loremaster of Sotek,UCH4nPsl2ctS365aEfFBwxbg,74600,24014274,1826,US,@loremasterofsotek
2+Tough,UC_N4w4z6CQEBgRfvlwlID_A,66100,15369784,1686,US,@2tough
Next Level Painting,UCTfnfIY3Kyxcv8sWck4sxvQ,63300,7717114,823,US,@nextlevelpainting
Lorekeeper's Librarium,UC4ES2IodasQ6NWtg6BQoGFg,54100,5788513,69,GB,@lorekeepers-librarium
Stories Of The Imperium,UCd0bpDPneRPLHeZXh8Jxxpg,51400,6590464,164,CA,@storiesoftheimperium
Glass Half Dead,UCh0xW4bNI1A9DePS8BY_gug,43500,13062788,1149,GB,@glasshalfdead
Mountainside Tabletop,UCKazVwWqMSRIc3eytqujrGw,41900,4437268,149,,@mountainsidetabletop
Platinum Lore,UCRexnyhbIiWiKLXteV9bRMg,38300,598392,16,US,@platinumlore
Tales From The Void,UC0mtW3_99gYfTOSX-HWdLZA,36800,4943954,233,,@talesfromthevoid-wh
GirlPainting,UCt2WNdy-1dxXHmhQX4yDlGw,36200,11262024,1325,DE,@girlpainting
Painting Buddha,UCMyleo6g75R-bvGsus2oI8Q,35500,2655744,141,DE,@paintingbuddha
Season of War,UC3eXLQju5Oz4GL8rxOGlK6w,34900,5040434,740,CA,@seasonofwar
The Pontius,UCrUK5TTwJWu2CQQdGi2OjCw,33500,1159683,31,IT,@thepontiusglaw69
The Honest Wargamer Streams,UCVROjrBtKMWbOJqE_jGy36g,33100,6093539,493,GB,@thehonestwargamerstreams
Ph3lan's Miniatures,UCU8oQavzw0Bm5qHdDar2trA,29500,3097619,269,CZ,@ph3lansminiatures
Minisodes,UCd0_IDkZePJ8KfiwpJHCYZA,27700,1680669,40,GB,@edpaintsminis
The Paint Beast,UC7_jIDARqnoYqjxCpIN5X7A,25700,5931196,133,GB,@thepaintbeast
HeyWoah,UCPd3QpPbl6ldSlKk9de2PCg,25700,3915637,265,US,@heywoah
Warhammer Theorist,UCSNhkKZOQrmouGA-EO15hew,24200,2540385,118,CA,@warhammertheorist
AoS Coach,UCQMNLM_JuDNLbvGG0ZUA8ow,23800,2766475,573,AU,@aoscoach
Can You Roll a Crit?,UCAon9h7jhZU4fVv2LeuA79g,23600,4629980,511,GB,@canyourollacrit
Swarm Painting,UCD7I4Eq2uPrFbRsRB6A4QlA,23500,3569437,28,,@swarm_painting
Metabreakers: Warhammer Age of Sigmar,UCG9tXzfzEcBIVJddM6PanFw,19200,2697204,714,GB,@metabreakers
Lorehammer,UCzV10CJsVxis5VTW6MbN4qw,18000,1030612,24,US,@lorehammertv
CatgutPainting,UC58nWVMsWOBywGOND3XN4cg,16200,1100706,25,US,@catgutpainting
Barnyard Wargaming,UCeJPCI-ifctlrZHPlTSBfOQ,13900,4249624,885,AU,@barnyard-wargaming
Maelstrom Gaming Studios - Tyranids,UC_HyR4OJZ9zE_QRe1r4ph6Q,13800,1830856,466,US,@maelstromgamingstudios
GFN Gaming,UC90M32OjXoOrfuwCdnczKUw,13600,991476,166,GB,@gfngaming
Warhammer Age of Sigmar: Realms of Ruin,UCjv2BLv1sQTtwj3vlvLhuxQ,12800,1671948,66,,@playrealmsofruin
Chewie Painting,UC2tXIWfLNNGZDG1vlplRpqg,12200,1735225,242,DE,@chewiepainting
MWG Battle Reports,UCCImcHv3HRo7VvDP3x69B4g,11800,969641,164,,@mwgbattlereports
Command Point,UCFDX6Z28pM1CdJLCvejU3Jw,11500,1505230,358,US,@commandpoint
Dusk Til Dawn Miniatures,UCd4jN0cgVu4VM23Pa0CIaug,9850,734482,345,AU,@dusktildawnminiatures
Tactical Skew,UCVmdZksO_AUKVv1FAkdQF4g,8460,390174,19,GB,@tacticalskew
War Hammered,UCrw9g3eT_0PBS9hIfTv8sYQ,7810,720118,233,,@war_hammered
WARRIOR KILL TEAM,UCnBOfWF38vFKJysCteBKT8w,7470,519976,325,,@warriorkillteam
PNW 40K,UC3-BTllFw0gdqGZfkfnzSkA,7390,566002,158,US,@pnw40k
Kylo,UCcWPUnbMDwvNe0KKwJpnyNw,6540,691599,107,PH,@kylo.archives
Paint By Az,UCuiTv7OuYZ4CU0-diee_zGw,6480,434802,51,,@paintbyaz
40K Lorecast,UCMKVC6FW0oeOBVw4hv0ySvQ,6300,174666,113,US,@40klorecast
КОРОЧЕ Warhammer 40k,UCrgNJLS0JzgFr4w5x1qMvxA,5140,694210,35,RU,@koroche_wh40k
Kill Team France & Co,UCQaruXSjM6PFWdAteZ8RoZQ,4740,459161,227,FR,@killteamfranceco
Squad-Games,UCYApU9TNf0Fhw8zlte70XMA,4670,568287,143,US,@squad-games-entertainment
Age of Sickmare,UCZwe0FUicgP1KPDs2DavPJA,3360,163386,25,DE,@ageofsickmare
UKTCTV,UCzCcZ1Psa5Y_MtjWbSyc5Kg,3340,254134,77,GB,@uktctv
Laying Down The Lore: Warhammer Old World,UCwTWa0EEHfpLEFzBbpy5-IQ,3090,192376,200,GB,@layingdownthelore
Battle Barn,UC5zk91B6tFL8pqeTPj_9u_A,2230,201354,149,GB,@battle_barn
Kill Team Six,UCVp7N7y0qr3RFYjD6SdVIMA,2230,198528,113,GB,@killteamsix6
Recon By Fire,UCiifN5xJvhnB7qF6nRFFX4w,2170,219059,158,,@reconbyfire73
La Barricada Killteam,UCGmd32hO9X3D888CedGUF4w,1980,165726,194,,@labarricadakillteam
Laying Down The Lore: 40K,UCxbkUWp_I-kbQOVZ03hZNpQ,1880,139067,173,GB,@layingdownthelore40k
The Dark Tower 40k,UCD7hO-rKU_8_VP7qnezPkmg,1790,537673,60,,@tdt40k
Grimdark Live! a Warhammer Age of Sigmar  Show,UCCUYTZH0pnFnJUkEzpYivjA,1570,13643,61,US,@grimdarklive
Ten Point Turns,UCh-tZt-rENGRYKRoPWiD8-w,1540,30096,10,,@tenpointturns
Battle Report,UCPmVARyk-_ib2tpEJiFIEaw,1510,236152,145,US,@battlereport
Age of Sigmar List Lab,UCdrDrJ0SbKoKU9QHTSx4_Xg,1310,33305,12,,@ageofsigmarlistlab1706
Red Bluff Battle Reports,UCA-G1HJy26F9W9W2F3Uj9dQ,865,52274,246,US,@redbluffbattlereports
KILL TEAM MEXICO,UC-lisp3tBKZtH8IAmVLghvg,836,85213,101,MX,@killteammexico
Guerrilla Tactics,UCNanlVQ7atnryfq3GGhh64g,768,51723,35,ES,@guerrillatactics3099
Age of Sigmar Lorefan,UCjnDrSc-ChQi3_b_VIy5-Xw,600,62688,212,,@aosrpglorefan6869
Age of Coaching by Dario,UC4Ohe80IKmEVZ_ly2oTbAjw,584,131137,97,DE,@ageofcoachingbydario
The Lair - Live Tabletop,UCvCFLA5sWhMsiclAzHQADeQ,569,43907,160,IT,@thelair40k
Call to Arms,UCghQWZskaJ8pd3llmhuAvWQ,534,35425,68,,@call_toarms
Warhammer Age of Sigmar: Realm War,UCem1ZJfEn5yj_p5kCg84-zA,514,0,0,GB,@warhammerageofsigmarrealmwar
AOS CROWD - Warhammer Age of Sigmar,UCqfLPwXN_9L7sPixVEOi3jA,454,12758,30,GB,@aoscrowd
Buenos Kill Teams BKT,UC5sIOPOE0k-C2vjUnKxg6Sg,445,75207,76,AR,@buenoskillteamsbkt-t1l
Mysidia,UCA2M8CXhAIMI8GZOzCPFXUQ,400,24480,27,CA,@mysidia91
The Kill Team Garage,UCBKwlpl5ZIEaH-s80gtBSmA,352,10118,7,,@thekillteamgarage
"Warhammer 40,000: Kill Team - Topic",UCojt1nGX7wfM9MYCCXhAp8g,338,0,0,,
Questward | Age of Sigmar RPG Podcast,UCx7iuDumHAdViTH3POpCQMQ,327,20803,56,CA,@questwardageofsigmarrpgpod6554
Kill Team Academy,UCDbyh6mzYG8EssCYMoT2hYQ,321,8063,9,CA,@killteamacademy5324
Great Lakes Kill Team,UCufNTIWodizAQTgeo6Tt8VQ,259,13747,59,CA,@greatlakeskillteam
Kill Team: frères et soeurs de bataille,UCRwWeDzF7Ghl0w45okHru1Q,219,8481,15,FR,@killteamfreresetsoeursdebatail
KILLTEAM,UCJIc-USRN9a-UzqRITAiqdw,196,38191,11,,@killteams
South Yorkshire Kill Team,UC5TASZyETUKij4mKD7lUR3g,166,5425,10,,@southyorkshirekillteam
Shorthammer Battle Reports,UCQLj5XGihgw0UBzoF8MTJWg,75,3192,3,,@shorthammer
FuzzyWingMan Kill Team,UCWJ4b4kSmYaHnCV8Oomm94Q,51,10330,108,US,@fuzzywingmangames1899
Once upon A Killteam,UCKkqeNIN9s_0SMQjyElx9Mg,44,3648,9,,@onceuponakillteam
The Sigmarillion - Warhammer Age of Sigmar Lore,UCLXGYLtkvyFy_8j4-SS4lrg,39,698,5,SE,@sigmarillionaos
Beer & Kill Team,UC7M60UObsrSaQBZYhTlvkTQ,24,468,14,,@beerkillteam9405
Team America Age of Sigmar,UCtPx9DwJj3NAFayzs9MaxCg,24,498,3,,@teamamericaageofsigmar5852
Kill Team,UCXUPX7zhGsP5dAvJrsBMezw,15,1617,2,,@killteam9579
Warhammer Painting Tutorials,UCP7vrziBg4Tia8dBOqGMHVg,10,328,1,,@warhammerpaintingtutorials989
Danger Close Battle Reports 40K,UCHI_Cio16JSgmlLDTpxFDGQ,9,739,4,US,@dangerclosebattlereports4097
Warhammer 40k/Age of Sigmar,UC-NyvJ39Rn-aJNrOIrkKr5Q,8,89,3,,@warhammer40kageofsigmar26
Warhammer age of Sigmar,UCnEls4CGRGN6dYyV2fn4YVg,5,78,8,,@goofyarclips2088
Warhammer LORE TO SLEEP TO,UCpmGNtBBSVMZWUBO8efSV8w,5,1320,7,US,@warhammer_lore_to_sleep_to
Kill Team 40k,UCWQfWxDJh1vBy3N3JJtdeoA,4,81,1,,@killteam40k12
Age of Sigmar Lore,UCJ-lttSe9VPRjf0N22ODupA,0,32,2,,@ageofsigmarlore
